Date,Duration,Workout Name,Exercise Name,Set Order,Weight,Reps,Distance,Seconds,RPE,Notes
2024-12-04 20:44:42,00 hours 00 minutes 18 seconds,,,,0,0,0,0,,
2024-12-04 22:39:58,01 hours 02 minutes 03 seconds,,High to Low Cable Fly,0,16.5,12,0,0,,
2024-12-04 22:39:58,01 hours 02 minutes 03 seconds,,High to Low Cable Fly,1,16.5,12,0,0,,
2024-12-04 22:39:58,01 hours 02 minutes 03 seconds,,High to Low Cable Fly,2,16.5,12,0,0,,
2024-12-04 22:39:58,01 hours 02 minutes 03 seconds,,Push Ups,0,0,12,0,0,,
2024-12-04 22:39:58,01 hours 02 minutes 03 seconds,,Push Ups,1,0,12,0,0,,
2024-12-04 22:39:58,01 hours 02 minutes 03 seconds,,Push Ups,2,0,12,0,0,,
2024-12-04 22:39:58,01 hours 02 minutes 03 seconds,,Bench Press,0,44.1,25,0,0,,
2024-12-04 22:39:58,01 hours 02 minutes 03 seconds,,Bench Press,1,88.2,12,0,0,,
2024-12-04 22:39:58,01 hours 02 minutes 03 seconds,,Bench Press,2,88.2,12,0,0,,
2024-12-04 22:39:58,01 hours 02 minutes 03 seconds,,Bench Press,3,99.2,8,0,0,,
2024-12-04 22:39:58,01 hours 02 minutes 03 seconds,,Bench Press,4,99.2,9,0,0,,
2024-12-04 22:39:58,01 hours 02 minutes 03 seconds,,Incline Dumbbell Fly,0,17.6,12,0,0,,
2024-12-04 22:39:58,01 hours 02 minutes 03 seconds,,Incline Dumbbell Fly,1,17.6,12,0,0,,
2024-12-04 22:39:58,01 hours 02 minutes 03 seconds,,Incline Dumbbell Fly,2,17.6,12,0,0,,
2024-12-04 22:39:58,01 hours 02 minutes 03 seconds,,Abdominal set,0,0,0,0,300,,
2024-12-09 21:38:14,00 hours 57 minutes 44 seconds,,Treadmill,0,0,0,1.6,600,,
2024-12-09 21:38:14,00 hours 57 minutes 44 seconds,,Pull Ups,0,0,10,0,0,,
2024-12-09 21:38:14,00 hours 57 minutes 44 seconds,,Pull Ups,1,0,10,0,0,,
2024-12-09 21:38:14,00 hours 57 minutes 44 seconds,,Pull Ups,2,0,10,0,0,,
2024-12-09 21:38:14,00 hours 57 minutes 44 seconds,,Pull Ups,3,0,9,0,0,,
2024-12-09 21:38:14,00 hours 57 minutes 44 seconds,,Close Grip Lat Pulldown,0,72.8,12,0,0,,
2024-12-09 21:38:14,00 hours 57 minutes 44 seconds,,Close Grip Lat Pulldown,1,72.8,12,0,0,,
2024-12-09 21:38:14,00 hours 57 minutes 44 seconds,,Close Grip Lat Pulldown,2,72.8,12,0,0,,
2024-12-09 21:38:14,00 hours 57 minutes 44 seconds,,Close Grip Lat Pulldown,3,72.8,13,0,0,,
2024-12-09 21:38:14,00 hours 57 minutes 44 seconds,,Seated Cable Row,0,44.1,12,0,0,,
2024-12-09 21:38:14,00 hours 57 minutes 44 seconds,,Seated Cable Row,1,44.1,12,0,0,,
2024-12-09 21:38:14,00 hours 57 minutes 44 seconds,,Seated Cable Row,2,44.1,12,0,0,,
2024-12-09 21:38:14,00 hours 57 minutes 44 seconds,,Seated Cable Row,3,44.1,12,0,0,,
2024-12-09 21:38:14,00 hours 57 minutes 44 seconds,,Abdominal set,0,0,0,0,300,,
2024-12-16 23:12:57,01 hours 00 minutes 00 seconds,,Rowing Machine,0,0,0,1.25,300,,
2024-12-16 23:12:57,01 hours 00 minutes 00 seconds,,Pull Ups,0,0,10,0,0,,
2024-12-16 23:12:57,01 hours 00 minutes 00 seconds,,Pull Ups,1,0,10,0,0,,
2024-12-16 23:12:57,01 hours 00 minutes 00 seconds,,Pull Ups,2,0,10,0,0,,
2024-12-16 23:12:57,01 hours 00 minutes 00 seconds,,Pull Ups,3,0,10,0,0,,
2024-12-16 23:12:57,01 hours 00 minutes 00 seconds,,Lat Pulldown,0,72.8,12,0,0,,
2024-12-16 23:12:57,01 hours 00 minutes 00 seconds,,Lat Pulldown,1,88.2,12,0,0,,
2024-12-16 23:12:57,01 hours 00 minutes 00 seconds,,Lat Pulldown,2,103.6,12,0,0,,
2024-12-16 23:12:57,01 hours 00 minutes 00 seconds,,Lat Pulldown,3,103.6,12,0,0,,
2024-12-16 23:12:57,01 hours 00 minutes 00 seconds,,Dumbbell Row,0,35.3,12,0,0,,
2024-12-16 23:12:57,01 hours 00 minutes 00 seconds,,Dumbbell Row,1,35.3,12,0,0,,
2024-12-16 23:12:57,01 hours 00 minutes 00 seconds,,Dumbbell Row,2,35.3,12,0,0,,
2024-12-16 23:12:57,01 hours 00 minutes 00 seconds,,Abdominal set,0,0,0,0,300,,
2025-01-28 22:55:59,01 hours 23 minutes 05 seconds,,Rowing Machine,0,0,0,1.25,300,,
2025-01-28 22:55:59,01 hours 23 minutes 05 seconds,,Lat Pulldown,0,77.2,15,0,0,,
2025-01-28 22:55:59,01 hours 23 minutes 05 seconds,,Lat Pulldown,1,94.8,15,0,0,,
2025-01-28 22:55:59,01 hours 23 minutes 05 seconds,,Lat Pulldown,2,110.2,12,0,0,,
2025-01-28 22:55:59,01 hours 23 minutes 05 seconds,,Lat Pulldown,3,110.2,12,0,0,,
2025-01-28 22:55:59,01 hours 23 minutes 05 seconds,,Dumbbell Shrug,0,39.7,25,0,0,,
2025-01-28 22:55:59,01 hours 23 minutes 05 seconds,,Dumbbell Shrug,1,39.7,25,0,0,,
2025-01-28 22:55:59,01 hours 23 minutes 05 seconds,,Dumbbell Shrug,2,39.7,25,0,0,,
2025-01-28 22:55:59,01 hours 23 minutes 05 seconds,,Dumbbell Shrug,3,39.7,25,0,0,,
2025-01-28 22:55:59,01 hours 23 minutes 05 seconds,,Abdominal set,0,0,0,0,300,,
2025-01-28 22:55:59,01 hours 23 minutes 05 seconds,,Pull Ups,0,0,12,0,0,,
2025-01-28 22:55:59,01 hours 23 minutes 05 seconds,,Pull Ups,1,0,10,0,0,,
2025-01-28 22:55:59,01 hours 23 minutes 05 seconds,,Pull Ups,2,0,10,0,0,,
2025-01-28 22:55:59,01 hours 23 minutes 05 seconds,,Pull Ups,3,0,10,0,0,,
2025-01-02 22:00:24,00 hours 49 minutes 16 seconds,,Rowing Machine,0,0,0,1.25,300,,
2025-01-02 22:00:24,00 hours 49 minutes 16 seconds,,Pull Ups,0,0,10,0,0,,
2025-01-02 22:00:24,00 hours 49 minutes 16 seconds,,Pull Ups,1,0,10,0,0,,
2025-01-02 22:00:24,00 hours 49 minutes 16 seconds,,Pull Ups,2,0,9,0,0,,
2025-01-02 22:00:24,00 hours 49 minutes 16 seconds,,Pull Ups,3,0,7,0,0,,
2025-01-02 22:00:24,00 hours 49 minutes 16 seconds,,Lat Pulldown,0,72.8,12,0,0,,
2025-01-02 22:00:24,00 hours 49 minutes 16 seconds,,Lat Pulldown,1,88.2,15,0,0,,
2025-01-02 22:00:24,00 hours 49 minutes 16 seconds,,Lat Pulldown,2,103.6,12,0,0,,
2025-01-02 22:00:24,00 hours 49 minutes 16 seconds,,Lat Pulldown,3,103.6,12,0,0,,
2025-01-02 22:00:24,00 hours 49 minutes 16 seconds,,Iso-Lateral Row,0,44.1,12,0,0,,
2025-01-02 22:00:24,00 hours 49 minutes 16 seconds,,Iso-Lateral Row,1,44.1,12,0,0,,
2025-01-02 22:00:24,00 hours 49 minutes 16 seconds,,Iso-Lateral Row,2,44.1,12,0,0,,
2025-01-02 22:00:24,00 hours 49 minutes 16 seconds,,Seated Dumbbell Shoulder Press,0,11,20,0,0,,
2025-01-02 22:00:24,00 hours 49 minutes 16 seconds,,Seated Dumbbell Shoulder Press,1,11,20,0,0,,
2025-01-02 22:00:24,00 hours 49 minutes 16 seconds,,Seated Dumbbell Shoulder Press,2,11,30,0,0,,
2025-01-02 22:00:24,00 hours 49 minutes 16 seconds,,Dumbbell Lateral Raise,0,8.8,20,0,0,,
2025-01-02 22:00:24,00 hours 49 minutes 16 seconds,,Dumbbell Lateral Raise,1,8.8,20,0,0,,
2025-01-02 22:00:24,00 hours 49 minutes 16 seconds,,Dumbbell Lateral Raise,2,8.8,20,0,0,,
2025-01-14 22:16:26,01 hours 25 minutes 17 seconds,,Pull Ups,0,0,10,0,0,,
2025-01-14 22:16:26,01 hours 25 minutes 17 seconds,,Pull Ups,1,0,10,0,0,,
2025-01-14 22:16:26,01 hours 25 minutes 17 seconds,,Pull Ups,2,0,10,0,0,,
2025-01-14 22:16:26,01 hours 25 minutes 17 seconds,,Pull Ups,3,0,9,0,0,,
2025-01-14 22:16:26,01 hours 25 minutes 17 seconds,,Lat Pulldown,0,77.2,15,0,0,,
2025-01-14 22:16:26,01 hours 25 minutes 17 seconds,,Lat Pulldown,1,94.8,15,0,0,,
2025-01-14 22:16:26,01 hours 25 minutes 17 seconds,,Lat Pulldown,2,94.8,13,0,0,,
2025-01-14 22:16:26,01 hours 25 minutes 17 seconds,,Lat Pulldown,3,110.2,15,0,0,,
2025-01-14 22:16:26,01 hours 25 minutes 17 seconds,,Dumbbell Lateral Raise,0,8.8,20,0,0,,
2025-01-14 22:16:26,01 hours 25 minutes 17 seconds,,Dumbbell Lateral Raise,1,8.8,20,0,0,,
2025-01-14 22:16:26,01 hours 25 minutes 17 seconds,,Dumbbell Lateral Raise,2,8.8,20,0,0,,
2025-01-14 22:16:26,01 hours 25 minutes 17 seconds,,Seated Dumbbell Shoulder Press,0,8.8,20,0,0,,
2025-01-14 22:16:26,01 hours 25 minutes 17 seconds,,Seated Dumbbell Shoulder Press,1,16.5,17,0,0,,
2025-01-14 22:16:26,01 hours 25 minutes 17 seconds,,Seated Dumbbell Shoulder Press,2,16.5,20,0,0,,
2025-01-21 22:09:03,01 hours 02 minutes 56 seconds,,Rowing Machine,0,0,0,1.25,313,,
2025-01-21 22:09:03,01 hours 02 minutes 56 seconds,,Cable Fly,0,19.2,12,0,0,,
2025-01-21 22:09:03,01 hours 02 minutes 56 seconds,,Cable Fly,1,19.2,12,0,0,,
2025-01-21 22:09:03,01 hours 02 minutes 56 seconds,,Cable Fly,2,19.2,12,0,0,,
2025-01-21 22:09:03,01 hours 02 minutes 56 seconds,,Cable Fly,3,19.2,12,0,0,,
2025-01-21 22:09:03,01 hours 02 minutes 56 seconds,,Push Ups,0,0,12,0,0,,
2025-01-21 22:09:03,01 hours 02 minutes 56 seconds,,Push Ups,1,0,12,0,0,,
2025-01-21 22:09:03,01 hours 02 minutes 56 seconds,,Push Ups,2,0,12,0,0,,
2025-01-21 22:09:03,01 hours 02 minutes 56 seconds,,Push Ups,3,0,12,0,0,,
2025-01-21 22:09:03,01 hours 02 minutes 56 seconds,,Bench Press,0,44.1,18,0,0,,
2025-01-21 22:09:03,01 hours 02 minutes 56 seconds,,Bench Press,1,66.1,18,0,0,,
2025-01-21 22:09:03,01 hours 02 minutes 56 seconds,,Bench Press,2,88.2,12,0,0,,
2025-01-21 22:09:03,01 hours 02 minutes 56 seconds,,Bench Press,3,110.2,7,0,0,,
2025-01-21 22:09:03,01 hours 02 minutes 56 seconds,,Bench Press,4,110.2,7,0,0,,
2025-01-21 22:09:03,01 hours 02 minutes 56 seconds,,Incline Dumbbell Fly,0,22,12,0,0,,
2025-01-21 22:09:03,01 hours 02 minutes 56 seconds,,Incline Dumbbell Fly,1,22,12,0,0,,
2025-01-21 22:09:03,01 hours 02 minutes 56 seconds,,Incline Dumbbell Fly,2,22,12,0,0,,
2025-03-11 21:52:16,01 hours 09 minutes 14 seconds,,Rowing Machine,0,0,0,1.3,300,,
2025-03-11 21:52:16,01 hours 09 minutes 14 seconds,,Squat,0,44.1,15,0,0,,
2025-03-11 21:52:16,01 hours 09 minutes 14 seconds,,Squat,1,88.2,12,0,0,,
2025-03-11 21:52:16,01 hours 09 minutes 14 seconds,,Squat,2,110.2,10,0,0,,
2025-03-11 21:52:16,01 hours 09 minutes 14 seconds,,Squat,3,110.2,8,0,0,,
2025-03-11 21:52:16,01 hours 09 minutes 14 seconds,,Squat,4,110.2,10,0,0,,
2025-03-11 21:52:16,01 hours 09 minutes 14 seconds,,Dumbbell Lunge,0,16.5,34,0,0,,
2025-03-11 21:52:16,01 hours 09 minutes 14 seconds,,Dumbbell Lunge,1,16.5,34,0,0,,
2025-03-11 21:52:16,01 hours 09 minutes 14 seconds,,Dumbbell Lunge,2,16.5,34,0,0,,
2025-03-11 21:52:16,01 hours 09 minutes 14 seconds,,Dumbbell Deadlift,0,16.5,12,0,0,,
2025-05-05 16:48:24,01 hours 41 minutes 49 seconds,,Rowing Machine,0,0,0,1.3,300,,
2025-05-05 16:48:24,01 hours 41 minutes 49 seconds,,Pull Ups,0,0,6,0,0,,
2025-05-05 16:48:24,01 hours 41 minutes 49 seconds,,Pull Ups,1,0,6,0,0,,
2025-05-05 16:48:24,01 hours 41 minutes 49 seconds,,Pull Ups,2,0,6,0,0,,
2025-05-05 16:48:24,01 hours 41 minutes 49 seconds,,Pull Ups,3,0,6,0,0,,
2025-05-05 16:48:24,01 hours 41 minutes 49 seconds,,Pull Ups,4,0,6,0,0,,
2025-05-05 16:48:24,01 hours 41 minutes 49 seconds,,Iso-Lateral Row,0,44.1,15,0,0,,
2025-05-05 16:48:24,01 hours 41 minutes 49 seconds,,Iso-Lateral Row,1,44.1,12,0,0,,
2025-05-05 16:48:24,01 hours 41 minutes 49 seconds,,Iso-Lateral Row,2,44.1,12,0,0,,
2025-05-05 16:48:24,01 hours 41 minutes 49 seconds,,Iso-Lateral Row,3,44.1,15,0,0,,
2025-05-05 16:48:24,01 hours 41 minutes 49 seconds,,Seated Dumbbell Lateral Raise,0,8.8,20,0,0,,
2025-05-05 16:48:24,01 hours 41 minutes 49 seconds,,Seated Dumbbell Lateral Raise,1,8.8,20,0,0,,
2025-05-05 16:48:24,01 hours 41 minutes 49 seconds,,Seated Dumbbell Lateral Raise,2,8.8,20,0,0,,
2025-05-05 16:48:24,01 hours 41 minutes 49 seconds,,Seated Dumbbell Lateral Raise,3,8.8,20,0,0,,
2025-05-05 16:48:24,01 hours 41 minutes 49 seconds,,Seated Dumbbell Shoulder Press,0,13.2,20,0,0,,
2025-05-05 16:48:24,01 hours 41 minutes 49 seconds,,Seated Dumbbell Shoulder Press,1,13.2,20,0,0,,
2025-05-05 16:48:24,01 hours 41 minutes 49 seconds,,Seated Dumbbell Shoulder Press,2,13.2,20,0,0,,
2025-05-05 16:48:24,01 hours 41 minutes 49 seconds,,Seated Dumbbell Shoulder Press,3,13.2,20,0,0,,
2025-05-05 16:48:24,01 hours 41 minutes 49 seconds,,Abdominal set,0,0,0,0,300,,
2025-05-20 22:18:31,02 hours 05 minutes 15 seconds,,Rowing Machine,0,0,0,1.3,300,,
2025-05-20 22:18:31,02 hours 05 minutes 15 seconds,,Cable Fly,0,19.2,12,0,0,,
2025-05-20 22:18:31,02 hours 05 minutes 15 seconds,,Cable Fly,1,19.2,12,0,0,,
2025-05-20 22:18:31,02 hours 05 minutes 15 seconds,,Cable Fly,2,24.7,12,0,0,,
2025-05-20 22:18:31,02 hours 05 minutes 15 seconds,,Cable Fly,3,24.7,12,0,0,,
2025-05-20 22:18:31,02 hours 05 minutes 15 seconds,,Dumbbell Bench Press,0,26.5,15,0,0,,
2025-05-20 22:18:31,02 hours 05 minutes 15 seconds,,Dumbbell Bench Press,1,30.9,15,0,0,,
2025-05-20 22:18:31,02 hours 05 minutes 15 seconds,,Dumbbell Bench Press,2,35.3,15,0,0,,
2025-05-20 22:18:31,02 hours 05 minutes 15 seconds,,Dumbbell Bench Press,3,39.7,12,0,0,,
2025-05-20 22:18:31,02 hours 05 minutes 15 seconds,,Incline Dumbbell Fly,0,22,10,0,0,,
2025-05-20 22:18:31,02 hours 05 minutes 15 seconds,,Incline Dumbbell Fly,1,22,10,0,0,,
2025-05-20 22:18:31,02 hours 05 minutes 15 seconds,,Incline Dumbbell Fly,2,22,12,0,0,,
2025-05-20 22:18:31,02 hours 05 minutes 15 seconds,,Incline Dumbbell Fly,3,22,12,0,0,,
2025-05-20 22:18:31,02 hours 05 minutes 15 seconds,,Dips,0,0,10,0,0,,
2025-05-20 22:18:31,02 hours 05 minutes 15 seconds,,Dips,1,0,10,0,0,,
2025-05-20 22:18:31,02 hours 05 minutes 15 seconds,,Dips,2,0,6,0,0,,
2025-05-22 23:53:43,02 hours 42 minutes 17 seconds,,Rowing Machine,0,0,0,1.3,300,,
2025-05-22 23:53:43,02 hours 42 minutes 17 seconds,,Pull Ups,0,0,12,0,0,,
2025-05-22 23:53:43,02 hours 42 minutes 17 seconds,,Pull Ups,1,0,11,0,0,,
2025-05-22 23:53:43,02 hours 42 minutes 17 seconds,,Pull Ups,2,0,11,0,0,,
2025-05-22 23:53:43,02 hours 42 minutes 17 seconds,,Iso-Lateral High Row,0,33.1,15,0,0,,
2025-05-22 23:53:43,02 hours 42 minutes 17 seconds,,Iso-Lateral High Row,1,55.1,11,0,0,,
2025-05-22 23:53:43,02 hours 42 minutes 17 seconds,,Iso-Lateral High Row,2,55.1,11,0,0,,
2025-05-22 23:53:43,02 hours 42 minutes 17 seconds,,Iso-Lateral High Row,3,55.1,11,0,0,,
2025-05-22 23:53:43,02 hours 42 minutes 17 seconds,,Seated Cable Row,0,47,15,0,0,,
2025-05-22 23:53:43,02 hours 42 minutes 17 seconds,,Seated Cable Row,1,47,15,0,0,,
2025-05-22 23:53:43,02 hours 42 minutes 17 seconds,,Seated Cable Row,2,47,15,0,0,,
2025-05-22 23:53:43,02 hours 42 minutes 17 seconds,,Abdominal set,0,0,0,0,300,,
2025-05-26 14:32:36,01 hours 38 minutes 00 seconds,,Rowing Machine,0,0,0,1.3,300,,
2025-05-26 14:32:36,01 hours 38 minutes 00 seconds,,Bench Press,0,44.1,18,0,0,,
2025-05-26 14:32:36,01 hours 38 minutes 00 seconds,,Bench Press,1,88.2,12,0,0,,
2025-05-26 14:32:36,01 hours 38 minutes 00 seconds,,Bench Press,2,88.2,12,0,0,,
2025-05-26 14:32:36,01 hours 38 minutes 00 seconds,,Bench Press,3,110.2,9,0,0,,
2025-05-26 14:32:36,01 hours 38 minutes 00 seconds,,Bench Press,4,110.2,9,0,0,,
2025-05-26 14:32:36,01 hours 38 minutes 00 seconds,,Incline Bench Press,0,44.1,15,0,0,,
2025-05-26 14:32:36,01 hours 38 minutes 00 seconds,,Incline Bench Press,1,66.1,12,0,0,,
2025-05-26 14:32:36,01 hours 38 minutes 00 seconds,,Incline Bench Press,2,66.1,12,0,0,,
2025-05-26 14:32:36,01 hours 38 minutes 00 seconds,,Incline Bench Press,3,66.1,12,0,0,,
2025-05-26 14:32:36,01 hours 38 minutes 00 seconds,,Seated Dumbbell Shoulder Press,0,17.6,20,0,0,,
2025-05-26 14:32:36,01 hours 38 minutes 00 seconds,,Seated Dumbbell Shoulder Press,1,17.6,20,0,0,,
2025-05-26 14:32:36,01 hours 38 minutes 00 seconds,,Seated Dumbbell Shoulder Press,2,17.6,20,0,0,,
2025-05-26 14:32:36,01 hours 38 minutes 00 seconds,,Dumbbell Lateral Raise,0,4.4,20,0,0,,
2025-05-26 14:32:36,01 hours 38 minutes 00 seconds,,Dumbbell Lateral Raise,1,4.4,20,0,0,,
2025-05-26 14:32:36,01 hours 38 minutes 00 seconds,,Dumbbell Lateral Raise,2,4.4,20,0,0,,
2025-05-26 14:32:36,01 hours 38 minutes 00 seconds,,Abdominal set,0,0,0,0,300,,
2025-05-31 12:55:05,01 hours 37 minutes 13 seconds,,Rowing Machine,0,0,0,1.3,300,,
2025-05-31 12:55:05,01 hours 37 minutes 13 seconds,,Pull Ups,0,0,12,0,0,,
2025-05-31 12:55:05,01 hours 37 minutes 13 seconds,,Pull Ups,1,0,11,0,0,,
2025-05-31 12:55:05,01 hours 37 minutes 13 seconds,,Pull Ups,2,0,11,0,0,,
2025-05-31 12:55:05,01 hours 37 minutes 13 seconds,,Pull Ups,3,0,11,0,0,,
2025-05-31 12:55:05,01 hours 37 minutes 13 seconds,,Iso-Lateral High Row,0,33.1,15,0,0,,
2025-05-31 12:55:05,01 hours 37 minutes 13 seconds,,Iso-Lateral High Row,1,55.1,12,0,0,,
2025-05-31 12:55:05,01 hours 37 minutes 13 seconds,,Iso-Lateral High Row,2,55.1,12,0,0,,
2025-05-31 12:55:05,01 hours 37 minutes 13 seconds,,Iso-Lateral High Row,3,55.1,13,0,0,,
2025-05-31 12:55:05,01 hours 37 minutes 13 seconds,,Dumbbell Lateral Raise,0,8.8,25,0,0,,
2025-05-31 12:55:05,01 hours 37 minutes 13 seconds,,Dumbbell Lateral Raise,1,8.8,25,0,0,,
2025-05-31 12:55:05,01 hours 37 minutes 13 seconds,,Dumbbell Lateral Raise,2,8.8,25,0,0,,
2025-05-31 12:55:05,01 hours 37 minutes 13 seconds,,Dumbbell Lateral Raise,3,8.8,25,0,0,,
2025-05-31 12:55:05,01 hours 37 minutes 13 seconds,,Seated Dumbbell Shoulder Press,0,13.2,25,0,0,,
2025-05-31 12:55:05,01 hours 37 minutes 13 seconds,,Seated Dumbbell Shoulder Press,1,13.2,25,0,0,,
2025-05-31 12:55:05,01 hours 37 minutes 13 seconds,,Seated Dumbbell Shoulder Press,2,13.2,25,0,0,,
2025-05-31 12:55:05,01 hours 37 minutes 13 seconds,,Seated Dumbbell Shoulder Press,3,13.2,25,0,0,,
2025-05-31 12:55:05,01 hours 37 minutes 13 seconds,,Abdominal set,0,0,0,0,300,,
2025-06-02 21:46:53,01 hours 39 minutes 18 seconds,,Rowing Machine,0,0,0,1.3,300,,
2025-06-02 21:46:53,01 hours 39 minutes 18 seconds,,Cable Fly,0,19.2,12,0,0,,
2025-06-02 21:46:53,01 hours 39 minutes 18 seconds,,Cable Fly,1,19.2,12,0,0,,
2025-06-02 21:46:53,01 hours 39 minutes 18 seconds,,Cable Fly,2,19.2,12,0,0,,
2025-06-02 21:46:53,01 hours 39 minutes 18 seconds,,Push Ups,0,0,12,0,0,,
2025-06-02 21:46:53,01 hours 39 minutes 18 seconds,,Push Ups,1,0,12,0,0,,
2025-06-02 21:46:53,01 hours 39 minutes 18 seconds,,Push Ups,2,0,12,0,0,,
2025-06-02 21:46:53,01 hours 39 minutes 18 seconds,,Dumbbell Bench Press,0,30.9,15,0,0,,
2025-06-02 21:46:53,01 hours 39 minutes 18 seconds,,Dumbbell Bench Press,1,35.3,14,0,0,,
2025-06-02 21:46:53,01 hours 39 minutes 18 seconds,,Dumbbell Bench Press,2,35.3,15,0,0,,
2025-06-02 21:46:53,01 hours 39 minutes 18 seconds,,Dumbbell Bench Press,3,35.3,15,0,0,,
2025-06-02 21:46:53,01 hours 39 minutes 18 seconds,,Incline Dumbbell Fly,0,17.6,15,0,0,,
2025-06-02 21:46:53,01 hours 39 minutes 18 seconds,,Incline Dumbbell Fly,1,17.6,15,0,0,,
2025-06-02 21:46:53,01 hours 39 minutes 18 seconds,,Incline Dumbbell Fly,2,17.6,15,0,0,,
2025-06-02 21:46:53,01 hours 39 minutes 18 seconds,,Tricep Rope Pushdown,0,24.9,12,0,0,,
2025-06-02 21:46:53,01 hours 39 minutes 18 seconds,,Tricep Rope Pushdown,1,24.9,14,0,0,,
2025-06-02 21:46:53,01 hours 39 minutes 18 seconds,,Tricep Rope Pushdown,2,24.9,14,0,0,,
2025-06-02 21:46:53,01 hours 39 minutes 18 seconds,,Tricep Rope Pushdown,3,24.9,14,0,0,,
2025-06-05 23:00:04,01 hours 23 minutes 49 seconds,,Rowing Machine,0,0,0,1.3,300,,
2025-06-05 23:00:04,01 hours 23 minutes 49 seconds,,Pull Ups,0,0,12,0,0,,
2025-06-05 23:00:04,01 hours 23 minutes 49 seconds,,Pull Ups,1,0,11,0,0,,
2025-06-05 23:00:04,01 hours 23 minutes 49 seconds,,Pull Ups,2,0,11,0,0,,
2025-06-05 23:00:04,01 hours 23 minutes 49 seconds,,Pull Ups,3,0,11,0,0,,
2025-06-05 23:00:04,01 hours 23 minutes 49 seconds,,Seated Cable Row,0,47,12,0,0,,
2025-06-05 23:00:04,01 hours 23 minutes 49 seconds,,Seated Cable Row,1,47,12,0,0,,
2025-06-05 23:00:04,01 hours 23 minutes 49 seconds,,Seated Cable Row,2,47,12,0,0,,
2025-06-05 23:00:04,01 hours 23 minutes 49 seconds,,Seated Cable Row,3,47,12,0,0,,
2025-06-05 23:00:04,01 hours 23 minutes 49 seconds,,Iso-Lateral High Row,0,44.1,15,0,0,,
2025-06-05 23:00:04,01 hours 23 minutes 49 seconds,,Iso-Lateral High Row,1,55.1,15,0,0,,
2025-06-05 23:00:04,01 hours 23 minutes 49 seconds,,Iso-Lateral High Row,2,55.1,15,0,0,,
2025-06-05 23:00:04,01 hours 23 minutes 49 seconds,,Iso-Lateral High Row,3,55.1,15,0,0,,
2025-06-05 23:00:04,01 hours 23 minutes 49 seconds,,Dumbbell Curl,0,22,10,0,0,,
2025-06-05 23:00:04,01 hours 23 minutes 49 seconds,,Dumbbell Curl,1,22,10,0,0,,
2025-06-05 23:00:04,01 hours 23 minutes 49 seconds,,Dumbbell Curl,2,22,10,0,0,,
2025-06-05 23:00:04,01 hours 23 minutes 49 seconds,,Abdominal set,0,0,0,0,300,,
2025-06-08 16:39:42,01 hours 43 minutes 57 seconds,,Rowing Machine,0,0,0,1.3,300,,
2025-06-08 16:39:42,01 hours 43 minutes 57 seconds,,Cable Fly,0,19.2,12,0,0,,
2025-06-08 16:39:42,01 hours 43 minutes 57 seconds,,Cable Fly,1,19.2,12,0,0,,
2025-06-08 16:39:42,01 hours 43 minutes 57 seconds,,Cable Fly,2,19.2,12,0,0,,
2025-06-08 16:39:42,01 hours 43 minutes 57 seconds,,Push Ups,0,0,12,0,0,,
2025-06-08 16:39:42,01 hours 43 minutes 57 seconds,,Push Ups,1,0,12,0,0,,
2025-06-08 16:39:42,01 hours 43 minutes 57 seconds,,Push Ups,2,0,12,0,0,,
2025-06-08 16:39:42,01 hours 43 minutes 57 seconds,,Bench Press,0,44.1,18,0,0,,
2025-06-08 16:39:42,01 hours 43 minutes 57 seconds,,Bench Press,1,88.2,12,0,0,,
2025-06-08 16:39:42,01 hours 43 minutes 57 seconds,,Bench Press,2,99.2,12,0,0,,
2025-06-08 16:39:42,01 hours 43 minutes 57 seconds,,Bench Press,3,110.2,9,0,0,,
2025-06-08 16:39:42,01 hours 43 minutes 57 seconds,,Bench Press,4,110.2,8,0,0,,
2025-06-08 16:39:42,01 hours 43 minutes 57 seconds,,Incline Dumbbell Bench Press,0,35.3,12,0,0,,
2025-06-08 16:39:42,01 hours 43 minutes 57 seconds,,Incline Dumbbell Bench Press,1,35.3,9,0,0,,
2025-06-08 16:39:42,01 hours 43 minutes 57 seconds,,Incline Dumbbell Bench Press,2,35.3,10,0,0,,
2025-06-08 16:39:42,01 hours 43 minutes 57 seconds,,Dips,0,0,8,0,0,,
2025-06-08 16:39:42,01 hours 43 minutes 57 seconds,,Dips,1,0,6,0,0,,
2025-06-08 16:39:42,01 hours 43 minutes 57 seconds,,Dips,2,0,6,0,0,,
2025-06-08 16:39:42,01 hours 43 minutes 57 seconds,,Dips,3,0,7,0,0,,
2025-06-10 23:02:19,01 hours 28 minutes 46 seconds,,Rowing Machine,0,0,0,1.3,300,,
2025-06-10 23:02:19,01 hours 28 minutes 46 seconds,,Pull Ups,0,0,12,0,0,,
2025-06-10 23:02:19,01 hours 28 minutes 46 seconds,,Pull Ups,1,0,9,0,0,,
2025-06-10 23:02:19,01 hours 28 minutes 46 seconds,,Pull Ups,2,0,10,0,0,,
2025-06-10 23:02:19,01 hours 28 minutes 46 seconds,,Pull Ups,3,0,9,0,0,,
2025-06-10 23:02:19,01 hours 28 minutes 46 seconds,,Iso-Lateral High Row,0,55.1,12,0,0,,
2025-06-10 23:02:19,01 hours 28 minutes 46 seconds,,Iso-Lateral High Row,1,55.1,12,0,0,,
2025-06-10 23:02:19,01 hours 28 minutes 46 seconds,,Iso-Lateral High Row,2,55.1,12,0,0,,
2025-06-10 23:02:19,01 hours 28 minutes 46 seconds,,Iso-Lateral High Row,3,55.1,12,0,0,,
2025-06-10 23:02:19,01 hours 28 minutes 46 seconds,,Barbell Curl,0,26.5,15,0,0,,
2025-06-10 23:02:19,01 hours 28 minutes 46 seconds,,Barbell Curl,1,43,15,0,0,,
2025-06-10 23:02:19,01 hours 28 minutes 46 seconds,,Barbell Curl,2,43,15,0,0,,
2025-06-10 23:02:19,01 hours 28 minutes 46 seconds,,Barbell Curl,3,43,15,0,0,,
2025-06-10 23:02:19,01 hours 28 minutes 46 seconds,,Dumbbell Row,0,35.3,13,0,0,,
2025-06-10 23:02:19,01 hours 28 minutes 46 seconds,,Dumbbell Row,1,35.3,14,0,0,,
2025-06-10 23:02:19,01 hours 28 minutes 46 seconds,,Dumbbell Row,2,35.3,14,0,0,,
2025-06-23 21:47:48,01 hours 16 minutes 11 seconds,,Rowing Machine,0,0,0,1.3,300,,
2025-06-23 21:47:48,01 hours 16 minutes 11 seconds,,Push Ups,0,0,12,0,0,,
2025-06-23 21:47:48,01 hours 16 minutes 11 seconds,,Push Ups,1,0,12,0,0,,
2025-06-23 21:47:48,01 hours 16 minutes 11 seconds,,Push Ups,2,0,12,0,0,,
2025-06-23 21:47:48,01 hours 16 minutes 11 seconds,,Cable Fly,0,19.2,12,0,0,,
2025-06-23 21:47:48,01 hours 16 minutes 11 seconds,,Cable Fly,1,19.2,12,0,0,,
2025-06-23 21:47:48,01 hours 16 minutes 11 seconds,,Cable Fly,2,19.2,12,0,0,,
2025-06-23 21:47:48,01 hours 16 minutes 11 seconds,,Bench Press,0,44.1,20,0,0,,
2025-06-23 21:47:48,01 hours 16 minutes 11 seconds,,Bench Press,1,88.2,12,0,0,,
2025-06-23 21:47:48,01 hours 16 minutes 11 seconds,,Bench Press,2,110.2,10,0,0,,
2025-06-23 21:47:48,01 hours 16 minutes 11 seconds,,Bench Press,3,110.2,10,0,0,,
2025-06-23 21:47:48,01 hours 16 minutes 11 seconds,,Bench Press,4,110.2,10,0,0,,
2025-06-23 21:47:48,01 hours 16 minutes 11 seconds,,Incline Dumbbell Bench Press,0,35.3,12,0,0,,
2025-06-23 21:47:48,01 hours 16 minutes 11 seconds,,Incline Dumbbell Bench Press,1,35.3,12,0,0,,
2025-06-23 21:47:48,01 hours 16 minutes 11 seconds,,Incline Dumbbell Bench Press,2,35.3,8,0,0,,
2025-06-23 21:47:48,01 hours 16 minutes 11 seconds,,Dips,0,0,6,0,0,,
2025-06-23 21:47:48,01 hours 16 minutes 11 seconds,,Dips,1,0,6,0,0,,
2025-06-23 21:47:48,01 hours 16 minutes 11 seconds,,Abdominal set,0,0,0,0,300,,
2025-06-23 22:09:23,01 hours 37 minutes 46 seconds,,Rowing Machine,0,0,0,1.3,300,,
2025-06-23 22:09:23,01 hours 37 minutes 46 seconds,,Push Ups,0,0,12,0,0,,
2025-06-23 22:09:23,01 hours 37 minutes 46 seconds,,Push Ups,1,0,12,0,0,,
2025-06-23 22:09:23,01 hours 37 minutes 46 seconds,,Push Ups,2,0,12,0,0,,
2025-06-23 22:09:23,01 hours 37 minutes 46 seconds,,Cable Fly,0,19.2,12,0,0,,
2025-06-23 22:09:23,01 hours 37 minutes 46 seconds,,Cable Fly,1,19.2,12,0,0,,
2025-06-23 22:09:23,01 hours 37 minutes 46 seconds,,Cable Fly,2,19.2,12,0,0,,
2025-06-23 22:09:23,01 hours 37 minutes 46 seconds,,Bench Press,0,44.1,20,0,0,,
2025-06-23 22:09:23,01 hours 37 minutes 46 seconds,,Bench Press,1,88.2,12,0,0,,
2025-06-23 22:09:23,01 hours 37 minutes 46 seconds,,Bench Press,2,110.2,10,0,0,,
2025-06-23 22:09:23,01 hours 37 minutes 46 seconds,,Bench Press,3,110.2,10,0,0,,
2025-06-23 22:09:23,01 hours 37 minutes 46 seconds,,Bench Press,4,110.2,10,0,0,,
2025-06-23 22:09:23,01 hours 37 minutes 46 seconds,,Incline Dumbbell Bench Press,0,35.3,12,0,0,,
2025-06-23 22:09:23,01 hours 37 minutes 46 seconds,,Incline Dumbbell Bench Press,1,35.3,12,0,0,,
2025-06-23 22:09:23,01 hours 37 minutes 46 seconds,,Incline Dumbbell Bench Press,2,35.3,8,0,0,,
2025-06-23 22:09:23,01 hours 37 minutes 46 seconds,,Dips,0,0,6,0,0,,
2025-06-23 22:09:23,01 hours 37 minutes 46 seconds,,Dips,1,0,6,0,0,,
2025-06-23 22:09:23,01 hours 37 minutes 46 seconds,,Abdominal set,0,0,0,0,300,,
2025-07-06 14:34:41,01 hours 26 minutes 49 seconds,,Rowing Machine,0,0,0,1.3,300,,
2025-07-06 14:34:41,01 hours 26 minutes 49 seconds,,Pull Ups,0,0,10,0,0,,
2025-07-06 14:34:41,01 hours 26 minutes 49 seconds,,Pull Ups,1,0,10,0,0,,
2025-07-06 14:34:41,01 hours 26 minutes 49 seconds,,Pull Ups,2,0,10,0,0,,
2025-07-06 14:34:41,01 hours 26 minutes 49 seconds,,Iso-Lateral High Row,0,55.1,10,0,0,,
2025-07-06 14:34:41,01 hours 26 minutes 49 seconds,,Iso-Lateral High Row,1,55.1,10,0,0,,
2025-07-06 14:34:41,01 hours 26 minutes 49 seconds,,Iso-Lateral High Row,2,55.1,11,0,0,,
2025-07-06 14:34:41,01 hours 26 minutes 49 seconds,,Seated Cable Row,0,47,12,0,0,,
2025-07-06 14:34:41,01 hours 26 minutes 49 seconds,,Seated Cable Row,1,47,13,0,0,,
2025-07-06 14:34:41,01 hours 26 minutes 49 seconds,,Seated Cable Row,2,47,14,0,0,,
2025-07-06 14:34:41,01 hours 26 minutes 49 seconds,,Barbell Curl,0,38.6,15,0,0,,
2025-07-06 14:34:41,01 hours 26 minutes 49 seconds,,Barbell Curl,1,44.1,15,0,0,,
2025-07-06 14:34:41,01 hours 26 minutes 49 seconds,,Barbell Curl,2,44.1,16,0,0,,
2025-07-06 14:34:41,01 hours 26 minutes 49 seconds,,Barbell Curl,3,44.1,16,0,0,,
2025-07-06 14:34:41,01 hours 26 minutes 49 seconds,,Abdominal set,0,0,0,0,300,,
2025-07-16 21:36:46,01 hours 00 minutes 00 seconds,,Boxing,0,0,0,0,2520,,
2025-07-16 21:36:46,01 hours 00 minutes 00 seconds,,Dumbbell Shrug,0,39.7,25,0,0,,
2025-07-16 21:36:46,01 hours 00 minutes 00 seconds,,Dumbbell Shrug,1,39.7,25,0,0,,
2025-07-16 21:36:46,01 hours 00 minutes 00 seconds,,Dumbbell Shrug,2,39.7,25,0,0,,
2025-07-16 21:36:46,01 hours 00 minutes 00 seconds,,Dumbbell Shrug,3,39.7,25,0,0,,
2025-07-16 21:36:46,01 hours 00 minutes 00 seconds,,Dumbbell Curl,3,26.5,15,0,0,,
2025-07-16 21:36:46,01 hours 00 minutes 00 seconds,,Dumbbell Curl,0,22,15,0,0,,
2025-07-16 21:36:46,01 hours 00 minutes 00 seconds,,Dumbbell Curl,1,26.5,15,0,0,,
2025-07-16 21:36:46,01 hours 00 minutes 00 seconds,,Dumbbell Curl,2,26.5,15,0,0,,
2025-07-19 12:31:39,01 hours 08 minutes 09 seconds,,Rowing Machine,0,0,0,1.3,300,,
2025-07-19 12:31:39,01 hours 08 minutes 09 seconds,,Bench Press,0,44.1,20,0,0,,
2025-07-19 12:31:39,01 hours 08 minutes 09 seconds,,Bench Press,1,44.1,15,0,0,,
2025-07-19 12:31:39,01 hours 08 minutes 09 seconds,,Bench Press,2,44.1,10,0,0,,
2025-07-19 12:31:39,01 hours 08 minutes 09 seconds,,Bench Press,3,44.1,9,0,0,,
2025-07-19 12:31:39,01 hours 08 minutes 09 seconds,,Bench Press,4,44.1,10,0,0,,
2025-07-19 12:31:39,01 hours 08 minutes 09 seconds,,Incline Dumbbell Bench Press,0,35.3,12,0,0,,
2025-07-19 12:31:39,01 hours 08 minutes 09 seconds,,Incline Dumbbell Bench Press,1,35.3,12,0,0,,
2025-07-19 12:31:39,01 hours 08 minutes 09 seconds,,Incline Dumbbell Bench Press,2,35.3,12,0,0,,
2025-07-19 12:31:39,01 hours 08 minutes 09 seconds,,Tricep Rope Pushdown,0,24.9,15,0,0,,
2025-07-19 12:31:39,01 hours 08 minutes 09 seconds,,Tricep Rope Pushdown,1,24.9,15,0,0,,
2025-07-19 12:31:39,01 hours 08 minutes 09 seconds,,Tricep Rope Pushdown,2,24.9,22,0,0,,
2025-07-24 22:17:23,01 hours 04 minutes 32 seconds,,Rowing Machine,0,0,0,1.3,300,,
2025-07-24 22:17:23,01 hours 04 minutes 32 seconds,,Pull Ups,0,0,10,0,0,,
2025-07-24 22:17:23,01 hours 04 minutes 32 seconds,,Pull Ups,1,0,11,0,0,,
2025-07-24 22:17:23,01 hours 04 minutes 32 seconds,,Pull Ups,2,0,10,0,0,,
2025-07-24 22:17:23,01 hours 04 minutes 32 seconds,,Pull Ups,3,0,3,0,0,,
2025-07-24 22:17:23,01 hours 04 minutes 32 seconds,,Seated Cable Row,0,47,13,0,0,,
2025-07-24 22:17:23,01 hours 04 minutes 32 seconds,,Seated Cable Row,1,47,15,0,0,,
2025-07-24 22:17:23,01 hours 04 minutes 32 seconds,,Seated Cable Row,2,47,15,0,0,,
2025-07-24 22:17:23,01 hours 04 minutes 32 seconds,,Seated Cable Row,3,47,15,0,0,,
2025-07-24 22:17:23,01 hours 04 minutes 32 seconds,,Seated Dumbbell Shoulder Press,0,13.2,20,0,0,,
2025-07-24 22:17:23,01 hours 04 minutes 32 seconds,,Seated Dumbbell Shoulder Press,1,13.2,25,0,0,,
2025-07-24 22:17:23,01 hours 04 minutes 32 seconds,,Seated Dumbbell Shoulder Press,2,13.2,25,0,0,,
2025-07-24 22:17:23,01 hours 04 minutes 32 seconds,,Dumbbell Lateral Raise,0,8.8,20,0,0,,
2025-07-24 22:17:23,01 hours 04 minutes 32 seconds,,Dumbbell Lateral Raise,1,8.8,25,0,0,,
2025-07-24 22:17:23,01 hours 04 minutes 32 seconds,,Dumbbell Lateral Raise,2,8.8,25,0,0,,
2025-07-24 22:17:23,01 hours 04 minutes 32 seconds,,EZ Bar Upright Row,0,44.1,20,0,0,,
2025-07-24 22:17:23,01 hours 04 minutes 32 seconds,,EZ Bar Upright Row,1,44.1,20,0,0,,
2025-07-24 22:17:23,01 hours 04 minutes 32 seconds,,EZ Bar Upright Row,2,44.1,20,0,0,,
2025-07-24 22:17:23,01 hours 04 minutes 32 seconds,,Abdominal set,0,0,0,0,300,,
2026-07-06 20:42:20,325 hours 03 minutes 37 seconds,,Rowing Machine,0,0,0,1.2874752,300,,
2026-07-06 20:42:20,325 hours 03 minutes 37 seconds,,Squat,0,44.092452437,16,0,0,,It was deep !
2026-07-06 20:42:20,325 hours 03 minutes 37 seconds,,Squat,1,88.184904874,12,0,0,,It was deep !
2026-07-06 20:42:20,325 hours 03 minutes 37 seconds,,Squat,2,132.277357311,10,0,0,,It was deep !
2026-07-06 20:42:20,325 hours 03 minutes 37 seconds,,Squat,3,154.3235835295,8,0,0,,It was deep !
2026-07-06 20:42:20,325 hours 03 minutes 37 seconds,,Squat,4,154.3235835295,8,0,0,,It was deep !
2026-07-06 20:42:20,325 hours 03 minutes 37 seconds,,Dumbbell Romanian Deadlift,0,52.9109429244,12,0,0,,
2026-07-06 20:42:20,325 hours 03 minutes 37 seconds,,Dumbbell Romanian Deadlift,1,52.9109429244,12,0,0,,
2026-07-06 20:42:20,325 hours 03 minutes 37 seconds,,Dumbbell Romanian Deadlift,2,52.9109429244,16,0,0,,
2026-07-06 20:42:20,325 hours 03 minutes 37 seconds,,Dumbbell Romanian Deadlift,3,52.9109429244,16,0,0,,
2026-07-06 20:42:20,325 hours 03 minutes 37 seconds,,Walking Lunge,0,35.2739619496,16,0,0,,
2026-07-06 20:42:20,325 hours 03 minutes 37 seconds,,Walking Lunge,1,35.2739619496,16,0,0,,
2026-07-06 20:42:20,325 hours 03 minutes 37 seconds,,Seated Calf Raise,0,115.742687647125,20,0,0,,Free is 27.2
2026-07-06 20:42:20,325 hours 03 minutes 37 seconds,,Seated Calf Raise,1,115.742687647125,20,0,0,,Free is 27.2
2026-07-06 20:42:20,325 hours 03 minutes 37 seconds,,Seated Calf Raise,2,115.742687647125,20,0,0,,Free is 27.2
2026-07-06 20:42:58,01 hours 09 minutes 08 seconds,,Rowing Machine,0,0,0,1.30356864,300,,
2026-07-06 20:42:58,01 hours 09 minutes 08 seconds,,Bench Press,0,44.092452437,20,0,0,,
2026-07-06 20:42:58,01 hours 09 minutes 08 seconds,,Bench Press,1,88.184904874,15,0,0,,
2026-07-06 20:42:58,01 hours 09 minutes 08 seconds,,Bench Press,2,110.2311310925,12,0,0,,
2026-07-06 20:42:58,01 hours 09 minutes 08 seconds,,Bench Press,3,121.25424420175,10,0,0,,
2026-07-06 20:42:58,01 hours 09 minutes 08 seconds,,Bench Press,4,121.25424420175,8,0,0,,
2026-07-06 20:42:58,01 hours 09 minutes 08 seconds,,Incline Dumbbell Bench Press,0,39.6832071933,10,0,0,,
2026-07-06 20:42:58,01 hours 09 minutes 08 seconds,,Incline Dumbbell Bench Press,1,39.6832071933,10,0,0,,
2026-07-06 20:42:58,01 hours 09 minutes 08 seconds,,Incline Dumbbell Bench Press,2,39.6832071933,8,0,0,,
2026-07-06 20:42:58,01 hours 09 minutes 08 seconds,,Seated Dumbbell Shoulder Press,0,26.4554714622,11,0,0,,
2026-07-06 20:42:58,01 hours 09 minutes 08 seconds,,Seated Dumbbell Shoulder Press,1,26.4554714622,10,0,0,,
2026-07-06 20:42:58,01 hours 09 minutes 08 seconds,,Seated Dumbbell Shoulder Press,2,26.4554714622,8,0,0,,
2026-07-06 20:42:58,01 hours 09 minutes 08 seconds,,Dumbbell Lateral Raise,0,8.8184904874,25,0,0,,"I used one dumbbell and didn’t do any rest (almost) between sets "
2026-07-06 20:42:58,01 hours 09 minutes 08 seconds,,Dumbbell Lateral Raise,1,8.8184904874,20,0,0,,"I used one dumbbell and didn’t do any rest (almost) between sets "
2026-07-06 20:42:58,01 hours 09 minutes 08 seconds,,Dumbbell Lateral Raise,2,8.8184904874,20,0,0,,"I used one dumbbell and didn’t do any rest (almost) between sets "
2026-07-06 20:42:58,01 hours 09 minutes 08 seconds,,Tricep Rope Pushdown,0,30.203329919345,18,0,0,,
2026-07-06 20:42:58,01 hours 09 minutes 08 seconds,,Tricep Rope Pushdown,1,35.935348736155,8,0,0,,
2026-07-06 20:42:58,01 hours 09 minutes 08 seconds,,Tricep Rope Pushdown,2,30.42379218153,4,0,0,,
2026-07-06 20:42:58,01 hours 09 minutes 08 seconds,,Tricep Rope Pushdown,3,30.42379218153,9,0,0,,
2026-07-06 20:42:58,01 hours 09 minutes 08 seconds,,Tricep Rope Pushdown,4,24.912235626905,4,0,0,,
2026-07-06 20:42:58,01 hours 09 minutes 08 seconds,,Tricep Rope Pushdown,5,13.889122517655,10,0,0,,
2026-07-06 20:42:58,01 hours 09 minutes 08 seconds,,Abdominal set,0,0,0,0,300,,
2026-07-08 20:59:35,00 hours 56 minutes 53 seconds,,Rowing Machine,0,0,0,1.30356864,300,,
2026-07-08 20:59:35,00 hours 56 minutes 53 seconds,,Pull Ups,0,0,6,0,0,,
2026-07-08 20:59:35,00 hours 56 minutes 53 seconds,,Pull Ups,1,0,6,0,0,,
2026-07-08 20:59:35,00 hours 56 minutes 53 seconds,,Pull Ups,2,0,4,0,0,,
2026-07-08 20:59:35,00 hours 56 minutes 53 seconds,,Deadlift,0,44.092452437,20,0,0,,
2026-07-08 20:59:35,00 hours 56 minutes 53 seconds,,Deadlift,1,88.184904874,12,0,0,,
2026-07-08 20:59:35,00 hours 56 minutes 53 seconds,,Deadlift,2,132.277357311,12,0,0,,
2026-07-08 20:59:35,00 hours 56 minutes 53 seconds,,Deadlift,3,154.3235835295,10,0,0,,
2026-07-08 20:59:35,00 hours 56 minutes 53 seconds,,Deadlift,4,154.3235835295,10,0,0,,
2026-07-08 20:59:35,00 hours 56 minutes 53 seconds,,Seated Cable Row,0,55.11556554625,12,0,0,,
2026-07-08 20:59:35,00 hours 56 minutes 53 seconds,,Seated Cable Row,1,55.11556554625,12,0,0,,
2026-07-08 20:59:35,00 hours 56 minutes 53 seconds,,Seated Cable Row,2,55.11556554625,13,0,0,,
2026-07-08 20:59:35,00 hours 56 minutes 53 seconds,,Dumbbell Shrug,0,44.092452437,25,0,0,,
2026-07-08 20:59:35,00 hours 56 minutes 53 seconds,,Dumbbell Shrug,1,44.092452437,25,0,0,,
2026-07-08 20:59:35,00 hours 56 minutes 53 seconds,,Dumbbell Shrug,2,44.092452437,25,0,0,,
2026-07-08 20:59:35,00 hours 56 minutes 53 seconds,,EZ Bar Curl,0,49.604008991625,15,0,0,,"25 was in the edge. The bar might be 12.5, not 10. So it was even 27.5"
2026-07-08 20:59:35,00 hours 56 minutes 53 seconds,,EZ Bar Curl,1,49.604008991625,15,0,0,,"25 was in the edge. The bar might be 12.5, not 10. So it was even 27.5"
2026-07-08 20:59:35,00 hours 56 minutes 53 seconds,,EZ Bar Curl,2,49.604008991625,15,0,0,,"25 was in the edge. The bar might be 12.5, not 10. So it was even 27.5"
2026-07-15 08:48:21,01 hours 21 minutes 33 seconds,,Rowing Machine,0,0,0,1.30356864,300,,
2026-07-15 08:48:21,01 hours 21 minutes 33 seconds,,Incline Dumbbell Bench Press,0,22.0462262185,20,0,0,,
2026-07-15 08:48:21,01 hours 21 minutes 33 seconds,,Incline Dumbbell Bench Press,1,39.6832071933,10,0,0,,
2026-07-15 08:48:21,01 hours 21 minutes 33 seconds,,Incline Dumbbell Bench Press,2,39.6832071933,10,0,0,,
2026-07-15 08:48:21,01 hours 21 minutes 33 seconds,,Incline Dumbbell Bench Press,3,39.6832071933,9,0,0,,
2026-07-15 08:48:21,01 hours 21 minutes 33 seconds,,Dips,0,0,10,0,0,,
2026-07-15 08:48:21,01 hours 21 minutes 33 seconds,,Dips,1,0,10,0,0,,
2026-07-15 08:48:21,01 hours 21 minutes 33 seconds,,Dips,2,0,12,0,0,,
2026-07-15 08:48:21,01 hours 21 minutes 33 seconds,,Dips,3,0,11,0,0,,
2026-07-15 08:48:21,01 hours 21 minutes 33 seconds,,Seated Shoulder Press,0,44.092452437,12,0,0,,
2026-07-15 08:48:21,01 hours 21 minutes 33 seconds,,Seated Shoulder Press,1,44.092452437,12,0,0,,
2026-07-15 08:48:21,01 hours 21 minutes 33 seconds,,Seated Shoulder Press,2,44.092452437,12,0,0,,
2026-07-15 08:48:21,01 hours 21 minutes 33 seconds,,Dumbbell Lateral Raise,0,8.8184904874,20,0,0,,
2026-07-15 08:48:21,01 hours 21 minutes 33 seconds,,Dumbbell Lateral Raise,1,8.8184904874,20,0,0,,
2026-07-15 08:48:21,01 hours 21 minutes 33 seconds,,Dumbbell Lateral Raise,2,8.8184904874,20,0,0,,
2026-07-15 08:48:21,01 hours 21 minutes 33 seconds,,Abdominal set,0,0,0,0,270,,
2025-08-11 20:33:24,01 hours 24 minutes 36 seconds,,Rowing Machine,0,0,0,1.3,300,,
2025-08-11 20:33:24,01 hours 24 minutes 36 seconds,,Barbell Flexion Row,0,44.1,20,0,0,,
2025-08-11 20:33:24,01 hours 24 minutes 36 seconds,,Barbell Flexion Row,1,66.1,16,0,0,,
2025-08-11 20:33:24,01 hours 24 minutes 36 seconds,,Barbell Flexion Row,2,77.2,15,0,0,,
2025-08-11 20:33:24,01 hours 24 minutes 36 seconds,,Barbell Flexion Row,3,77.2,17,0,0,,
2025-08-11 20:33:24,01 hours 24 minutes 36 seconds,,Lat Pulldown,0,72.8,20,0,0,,
2025-08-11 20:33:24,01 hours 24 minutes 36 seconds,,Lat Pulldown,1,94.8,15,0,0,,
2025-08-11 20:33:24,01 hours 24 minutes 36 seconds,,Lat Pulldown,2,110.2,12,0,0,,
2025-08-11 20:33:24,01 hours 24 minutes 36 seconds,,Lat Pulldown,3,110.2,12,0,0,,
2025-08-11 20:33:24,01 hours 24 minutes 36 seconds,,Dumbbell Curl,0,22,14,0,0,,
2025-08-11 20:33:24,01 hours 24 minutes 36 seconds,,Dumbbell Curl,1,22,14,0,0,,
2025-08-11 20:33:24,01 hours 24 minutes 36 seconds,,Dumbbell Curl,2,22,14,0,0,,
2025-08-11 20:33:24,01 hours 24 minutes 36 seconds,,Abdominal set,0,0,0,0,300,,
2025-08-13 21:13:49,01 hours 21 minutes 45 seconds,,Treadmill,0,0,0,1.59,600,,
2025-08-13 21:13:49,01 hours 21 minutes 45 seconds,,Cable Fly,0,19.2,12,0,0,,
2025-08-13 21:13:49,01 hours 21 minutes 45 seconds,,Cable Fly,1,19.2,12,0,0,,
2025-08-13 21:13:49,01 hours 21 minutes 45 seconds,,Cable Fly,2,19.2,12,0,0,,
2025-08-13 21:13:49,01 hours 21 minutes 45 seconds,,Push Ups,0,0,12,0,0,,
2025-08-13 21:13:49,01 hours 21 minutes 45 seconds,,Push Ups,1,0,12,0,0,,
2025-08-13 21:13:49,01 hours 21 minutes 45 seconds,,Push Ups,2,0,12,0,0,,
2025-08-13 21:13:49,01 hours 21 minutes 45 seconds,,Incline Bench Press,0,44.1,18,0,0,,
2025-08-13 21:13:49,01 hours 21 minutes 45 seconds,,Incline Bench Press,1,88.2,10,0,0,,
2025-08-13 21:13:49,01 hours 21 minutes 45 seconds,,Incline Bench Press,2,88.2,10,0,0,,
2025-08-13 21:13:49,01 hours 21 minutes 45 seconds,,Incline Bench Press,3,88.2,10,0,0,,
2025-08-13 21:13:49,01 hours 21 minutes 45 seconds,,Dumbbell Fly,0,17.6,15,0,0,,
2025-08-13 21:13:49,01 hours 21 minutes 45 seconds,,Dumbbell Fly,1,17.6,15,0,0,,
2025-08-13 21:13:49,01 hours 21 minutes 45 seconds,,Dumbbell Fly,2,17.6,15,0,0,,
2025-08-13 21:13:49,01 hours 21 minutes 45 seconds,,Dips,0,0,12,0,0,,
2025-08-13 21:13:49,01 hours 21 minutes 45 seconds,,Dips,1,0,8,0,0,,
2025-08-13 21:13:49,01 hours 21 minutes 45 seconds,,Dips,2,0,8,0,0,,
2025-08-13 21:13:49,01 hours 21 minutes 45 seconds,,Abdominal set,0,0,0,0,300,,
2025-08-19 21:04:38,01 hours 07 minutes 48 seconds,,Treadmill,0,0,0,1.59,600,,
2025-08-19 21:04:38,01 hours 07 minutes 48 seconds,,Pull Ups,0,0,6,0,0,,
2025-08-19 21:04:38,01 hours 07 minutes 48 seconds,,Pull Ups,1,0,6,0,0,,
2025-08-19 21:04:38,01 hours 07 minutes 48 seconds,,Pull Ups,2,0,4,0,0,,
2025-08-19 21:04:38,01 hours 07 minutes 48 seconds,,Pull Ups,3,0,5,0,0,,
2025-08-19 21:04:38,01 hours 07 minutes 48 seconds,,Barbell Flexion Row,0,83.8,12,0,0,,
2025-08-19 21:04:38,01 hours 07 minutes 48 seconds,,Barbell Flexion Row,1,83.8,14,0,0,,
2025-08-19 21:04:38,01 hours 07 minutes 48 seconds,,Barbell Flexion Row,2,83.8,14,0,0,,
2025-08-19 21:04:38,01 hours 07 minutes 48 seconds,,Barbell Flexion Row,3,83.8,14,0,0,,
2025-08-19 21:04:38,01 hours 07 minutes 48 seconds,,Lat Pulldown,0,72.8,20,0,0,,
2025-08-19 21:04:38,01 hours 07 minutes 48 seconds,,Lat Pulldown,1,88.2,12,0,0,,
2025-08-19 21:04:38,01 hours 07 minutes 48 seconds,,Lat Pulldown,2,103.6,12,0,0,,
2025-08-19 21:04:38,01 hours 07 minutes 48 seconds,,Lat Pulldown,3,103.6,12,0,0,,
2025-08-19 21:04:38,01 hours 07 minutes 48 seconds,,Seated Cable Row,0,47,13,0,0,,
2025-08-19 21:04:38,01 hours 07 minutes 48 seconds,,Seated Cable Row,1,47,15,0,0,,
2025-08-19 21:04:38,01 hours 07 minutes 48 seconds,,Seated Cable Row,2,47,15,0,0,,
2025-08-19 21:04:38,01 hours 07 minutes 48 seconds,,Seated Cable Row,3,47,15,0,0,,
2025-08-19 21:04:38,01 hours 07 minutes 48 seconds,,Barbell Curl,0,44.1,16,0,0,,
2025-08-19 21:04:38,01 hours 07 minutes 48 seconds,,Barbell Curl,1,44.1,15,0,0,,
2025-08-19 21:04:38,01 hours 07 minutes 48 seconds,,Barbell Curl,2,44.1,15,0,0,,
2025-08-19 21:04:38,01 hours 07 minutes 48 seconds,,Abdominal set,0,0,0,0,300,,
2025-08-21 21:45:46,01 hours 02 minutes 37 seconds,,Treadmill,0,0,0,2.41,600,,
2025-08-21 21:45:46,01 hours 02 minutes 37 seconds,,Dumbbell Lateral Raise,0,8.8,25,0,0,,
2025-08-21 21:45:46,01 hours 02 minutes 37 seconds,,Dumbbell Lateral Raise,1,8.8,25,0,0,,
2025-08-21 21:45:46,01 hours 02 minutes 37 seconds,,Dumbbell Lateral Raise,2,8.8,25,0,0,,
2025-08-21 21:45:46,01 hours 02 minutes 37 seconds,,Seated Dumbbell Shoulder Press,0,13.2,25,0,0,,
2025-08-21 21:45:46,01 hours 02 minutes 37 seconds,,Seated Dumbbell Shoulder Press,1,13.2,25,0,0,,
2025-08-21 21:45:46,01 hours 02 minutes 37 seconds,,Seated Dumbbell Shoulder Press,2,13.2,25,0,0,,
2025-08-21 21:45:46,01 hours 02 minutes 37 seconds,,Dumbbell Front Raise,0,16.5,20,0,0,,
2025-08-21 21:45:46,01 hours 02 minutes 37 seconds,,Dumbbell Front Raise,1,16.5,20,0,0,,
2025-08-21 21:45:46,01 hours 02 minutes 37 seconds,,Dumbbell Front Raise,2,16.5,20,0,0,,
2025-08-21 21:45:46,01 hours 02 minutes 37 seconds,,Abdominal set,0,0,0,0,300,,
2024-12-12 23:27:12,02 hours 14 minutes 21 seconds,,Rowing Machine,0,0,0,1.25,300,,
2024-12-12 23:27:12,02 hours 14 minutes 21 seconds,,Bench Press,0,44.1,30,0,0,,
2024-12-12 23:27:12,02 hours 14 minutes 21 seconds,,Bench Press,1,66.1,20,0,0,,
2024-12-12 23:27:12,02 hours 14 minutes 21 seconds,,Bench Press,2,88.2,12,0,0,,
2024-12-12 23:27:12,02 hours 14 minutes 21 seconds,,Bench Press,3,110.2,6,0,0,,
2024-12-12 23:27:12,02 hours 14 minutes 21 seconds,,Bench Press,4,110.2,6,0,0,,
2024-12-12 23:27:12,02 hours 14 minutes 21 seconds,,Bench Press,5,110.2,9,0,0,,
2024-12-12 23:27:12,02 hours 14 minutes 21 seconds,,Incline Dumbbell Bench Press,0,26.5,16,0,0,,
2024-12-12 23:27:12,02 hours 14 minutes 21 seconds,,Incline Dumbbell Bench Press,1,30.9,12,0,0,,
2024-12-12 23:27:12,02 hours 14 minutes 21 seconds,,Incline Dumbbell Bench Press,2,35.3,12,0,0,,
2024-12-12 23:27:12,02 hours 14 minutes 21 seconds,,Incline Dumbbell Bench Press,3,35.3,12,0,0,,
2024-12-12 23:27:12,02 hours 14 minutes 21 seconds,,Incline Dumbbell Bench Press,4,35.3,8,0,0,,
2024-12-12 23:27:12,02 hours 14 minutes 21 seconds,,Incline Dumbbell Bench Press,5,30.9,3,0,0,,
2025-09-04 20:47:41,95 hours 38 minutes 31 seconds,,Pull Ups,0,0,6,0,0,,
2025-09-04 20:47:41,95 hours 38 minutes 31 seconds,,Pull Ups,1,0,5,0,0,,
2025-09-04 20:47:41,95 hours 38 minutes 31 seconds,,Pull Ups,2,0,3,0,0,,
2025-09-04 20:47:41,95 hours 38 minutes 31 seconds,,Rowing Machine,0,0,0,1.3,300,,
2025-09-04 20:47:41,95 hours 38 minutes 31 seconds,,Deadlift,0,44.1,15,0,0,,
2025-09-04 20:47:41,95 hours 38 minutes 31 seconds,,Deadlift,1,88.2,12,0,0,,
2025-09-04 20:47:41,95 hours 38 minutes 31 seconds,,Deadlift,2,88.2,12,0,0,,
2025-09-04 20:47:41,95 hours 38 minutes 31 seconds,,Deadlift,3,88.2,15,0,0,,
2025-09-04 20:47:41,95 hours 38 minutes 31 seconds,,Seated Cable Row,0,47,12,0,0,,
2025-09-04 20:47:41,95 hours 38 minutes 31 seconds,,Seated Cable Row,1,47,15,0,0,,
2025-09-04 20:47:41,95 hours 38 minutes 31 seconds,,Seated Cable Row,2,55.1,12,0,0,,
2025-09-04 20:47:41,95 hours 38 minutes 31 seconds,,Seated Cable Row,3,55.1,12,0,0,,
2025-09-04 20:47:41,95 hours 38 minutes 31 seconds,,Barbell Curl,0,44.1,16,0,0,,
2025-09-04 20:47:41,95 hours 38 minutes 31 seconds,,Barbell Curl,1,44.1,16,0,0,,
2025-09-04 20:47:41,95 hours 38 minutes 31 seconds,,Barbell Curl,2,44.1,16,0,0,,
2025-09-08 20:27:20,01 hours 00 minutes 00 seconds,,Boxing,0,0,0,0,5400,,
2025-09-08 20:28:45,00 hours 53 minutes 48 seconds,,Treadmill,0,0,0,1.77,600,,
2025-09-08 20:28:45,00 hours 53 minutes 48 seconds,,Bench Press,0,44.1,20,0,0,,
2025-09-08 20:28:45,00 hours 53 minutes 48 seconds,,Bench Press,1,88.2,15,0,0,,
2025-09-08 20:28:45,00 hours 53 minutes 48 seconds,,Bench Press,2,110.2,10,0,0,,
2025-09-08 20:28:45,00 hours 53 minutes 48 seconds,,Bench Press,3,110.2,10,0,0,,
2025-09-08 20:28:45,00 hours 53 minutes 48 seconds,,Bench Press,4,121.3,10,0,0,,
2025-09-08 20:28:45,00 hours 53 minutes 48 seconds,,Incline Bench Press,0,88.2,10,0,0,,
2025-09-08 20:28:45,00 hours 53 minutes 48 seconds,,Incline Bench Press,1,99.2,10,0,0,,
2025-09-08 20:28:45,00 hours 53 minutes 48 seconds,,Incline Bench Press,2,99.2,9,0,0,,
2025-09-08 20:28:45,00 hours 53 minutes 48 seconds,,Incline Bench Press,3,99.2,6,0,0,,
2025-09-08 20:28:45,00 hours 53 minutes 48 seconds,,Dips,0,0,12,0,0,,
2025-09-08 20:28:45,00 hours 53 minutes 48 seconds,,Dips,1,0,12,0,0,,
2025-09-08 20:28:45,00 hours 53 minutes 48 seconds,,Dips,2,0,10,0,0,,
2025-09-08 20:28:45,00 hours 53 minutes 48 seconds,,Cable Fly,0,24.7,11,0,0,,
2025-09-08 20:28:45,00 hours 53 minutes 48 seconds,,Cable Fly,1,19.2,12,0,0,,
2025-09-08 20:28:45,00 hours 53 minutes 48 seconds,,Cable Fly,2,19.2,12,0,0,,
2025-09-08 20:28:45,00 hours 53 minutes 48 seconds,,Abdominal set,0,0,0,0,300,,
2026-08-04 20:58:17,01 hours 00 minutes 00 seconds,,Treadmill,0,0,0,2.0921472,780,,
2026-08-04 20:58:17,01 hours 00 minutes 00 seconds,,Pull Ups,0,0,6,0,0,,
2026-08-04 20:58:17,01 hours 00 minutes 00 seconds,,Pull Ups,1,0,6,0,0,,
2026-08-04 20:58:17,01 hours 00 minutes 00 seconds,,Pull Ups,2,0,4,0,0,,
2026-08-04 20:58:17,01 hours 00 minutes 00 seconds,,Cable Fly,0,19.180216810095,12,0,0,,
2026-08-04 20:58:17,01 hours 00 minutes 00 seconds,,Cable Fly,1,19.180216810095,12,0,0,,
2026-08-04 20:58:17,01 hours 00 minutes 00 seconds,,Cable Fly,2,19.180216810095,12,0,0,,
2026-08-04 20:58:17,01 hours 00 minutes 00 seconds,,Push Ups,0,0,12,0,0,,
2026-08-04 20:58:17,01 hours 00 minutes 00 seconds,,Push Ups,1,0,12,0,0,,
2026-08-04 20:58:17,01 hours 00 minutes 00 seconds,,Push Ups,2,0,12,0,0,,
2026-08-04 20:58:17,01 hours 00 minutes 00 seconds,,Dips,0,0,8,0,0,,
2026-08-04 20:58:17,01 hours 00 minutes 00 seconds,,Dips,1,0,8,0,0,,
2026-08-04 20:58:17,01 hours 00 minutes 00 seconds,,Dips,2,0,8,0,0,,
2026-08-04 20:58:17,01 hours 00 minutes 00 seconds,,Boxing,0,0,0,0,900,,
2025-09-22 23:54:05,00 hours 00 minutes 27 seconds,,HIIT,0,0,0,0,3600,,
2026-08-07 06:53:40,01 hours 32 minutes 01 seconds,,Dumbbell Lateral Raise,0,8.8184904874,20,0,0,,
2026-08-07 06:53:40,01 hours 32 minutes 01 seconds,,Dumbbell Lateral Raise,1,8.8184904874,20,0,0,,
2026-08-07 06:53:40,01 hours 32 minutes 01 seconds,,Dumbbell Lateral Raise,2,8.8184904874,20,0,0,,
2026-08-07 06:53:40,01 hours 32 minutes 01 seconds,,Seated Dumbbell Shoulder Press,0,17.6369809748,20,0,0,,
2026-08-07 06:53:40,01 hours 32 minutes 01 seconds,,Seated Dumbbell Shoulder Press,1,17.6369809748,20,0,0,,
2026-08-07 06:53:40,01 hours 32 minutes 01 seconds,,Seated Dumbbell Shoulder Press,2,17.6369809748,20,0,0,,
2026-08-07 06:53:40,01 hours 32 minutes 01 seconds,,Dumbbell Shrug,0,44.092452437,25,0,0,,
2026-08-07 06:53:40,01 hours 32 minutes 01 seconds,,Dumbbell Shrug,1,44.092452437,25,0,0,,
2026-08-07 06:53:40,01 hours 32 minutes 01 seconds,,Dumbbell Shrug,2,44.092452437,25,0,0,,
2026-08-07 06:53:40,01 hours 32 minutes 01 seconds,,Barbell Curl,0,44.092452437,16,0,0,,
2026-08-07 06:53:40,01 hours 32 minutes 01 seconds,,Barbell Curl,1,44.092452437,16,0,0,,
2026-08-07 06:53:40,01 hours 32 minutes 01 seconds,,Barbell Curl,2,44.092452437,16,0,0,,
2026-08-07 06:53:40,01 hours 32 minutes 01 seconds,,Back Extension,0,0,20,0,0,,
2026-08-07 06:53:40,01 hours 32 minutes 01 seconds,,Back Extension,1,0,15,0,0,,
2026-08-07 06:53:40,01 hours 32 minutes 01 seconds,,Back Extension,2,0,15,0,0,,
2025-10-15 18:58:37,01 hours 26 minutes 34 seconds,,Rowing Machine,0,0,0,1.30356864,300,,
2025-10-15 18:58:37,01 hours 26 minutes 34 seconds,,Deadlift,0,44.092452437,15,0,0,,
2025-10-15 18:58:37,01 hours 26 minutes 34 seconds,,Deadlift,1,44.092452437,15,0,0,,
2025-10-15 18:58:37,01 hours 26 minutes 34 seconds,,Deadlift,2,110.2311310925,8,0,0,,
2025-10-15 18:58:37,01 hours 26 minutes 34 seconds,,Deadlift,3,110.2311310925,8,0,0,,
2025-10-15 18:58:37,01 hours 26 minutes 34 seconds,,Deadlift,4,110.2311310925,8,0,0,,
2025-10-15 18:58:37,01 hours 26 minutes 34 seconds,,Bent Over Row,0,66.1386786555,12,0,0,,
2025-10-15 18:58:37,01 hours 26 minutes 34 seconds,,Bent Over Row,1,66.1386786555,12,0,0,,
2025-10-15 18:58:37,01 hours 26 minutes 34 seconds,,Bent Over Row,2,66.1386786555,12,0,0,,
2025-10-15 18:58:37,01 hours 26 minutes 34 seconds,,Bent Over Row,3,66.1386786555,12,0,0,,
2025-10-15 18:58:37,01 hours 26 minutes 34 seconds,,Dumbbell Shrug,0,39.6832071933,25,0,0,,
2025-10-15 18:58:37,01 hours 26 minutes 34 seconds,,Dumbbell Shrug,1,39.6832071933,25,0,0,,
2025-10-15 18:58:37,01 hours 26 minutes 34 seconds,,Dumbbell Shrug,2,39.6832071933,25,0,0,,
2025-10-15 18:58:37,01 hours 26 minutes 34 seconds,,Dumbbell Shrug,3,39.6832071933,25,0,0,,
2025-10-15 18:58:37,01 hours 26 minutes 34 seconds,,Dumbbell Curl,0,26.4554714622,12,0,0,,
2025-10-15 18:58:37,01 hours 26 minutes 34 seconds,,Dumbbell Curl,1,26.4554714622,12,0,0,,
2025-10-15 18:58:37,01 hours 26 minutes 34 seconds,,Dumbbell Curl,2,26.4554714622,12,0,0,,
2025-10-18 12:00:59,01 hours 43 minutes 51 seconds,,Rowing Machine,0,0,0,1.30356864,300,,
2025-10-18 12:00:59,01 hours 43 minutes 51 seconds,,Bench Press,0,44.092452437,20,0,0,,
2025-10-18 12:00:59,01 hours 43 minutes 51 seconds,,Bench Press,1,88.184904874,15,0,0,,
2025-10-18 12:00:59,01 hours 43 minutes 51 seconds,,Bench Press,2,110.2311310925,8,0,0,,
2025-10-18 12:00:59,01 hours 43 minutes 51 seconds,,Bench Press,3,121.25424420175,8,0,0,,
2025-10-18 12:00:59,01 hours 43 minutes 51 seconds,,Bench Press,4,121.25424420175,8,0,0,,
2025-10-18 12:00:59,01 hours 43 minutes 51 seconds,,Iso-Lateral Incline Chest Press,0,88.184904874,10,0,0,,
2025-10-18 12:00:59,01 hours 43 minutes 51 seconds,,Iso-Lateral Incline Chest Press,1,88.184904874,10,0,0,,
2025-10-18 12:00:59,01 hours 43 minutes 51 seconds,,Iso-Lateral Incline Chest Press,2,88.184904874,8,0,0,,
2025-10-18 12:00:59,01 hours 43 minutes 51 seconds,,Incline Push Ups,0,0,10,0,0,,
2025-10-18 12:00:59,01 hours 43 minutes 51 seconds,,Incline Push Ups,1,0,10,0,0,,
2025-10-18 12:00:59,01 hours 43 minutes 51 seconds,,Incline Push Ups,2,0,10,0,0,,
2025-10-18 12:00:59,01 hours 43 minutes 51 seconds,,Dumbbell Tricep Extension,0,17.6369809748,8,0,0,,
2025-10-18 12:00:59,01 hours 43 minutes 51 seconds,,Dumbbell Tricep Extension,1,13.2277357311,10,0,0,,
2025-10-18 12:00:59,01 hours 43 minutes 51 seconds,,Dumbbell Tricep Extension,2,13.2277357311,10,0,0,,
2026-08-10 16:09:39,01 hours 00 minutes 00 seconds,,,,0,0,0,0,,
2026-08-10 20:19:08,01 hours 28 minutes 29 seconds,,Treadmill,0,0,0,2.0921472,780,,
2026-08-10 20:19:08,01 hours 28 minutes 29 seconds,,Incline Dumbbell Fly,0,22.0462262185,12,0,0,,
2026-08-10 20:19:08,01 hours 28 minutes 29 seconds,,Incline Dumbbell Fly,1,22.0462262185,12,0,0,,
2026-08-10 20:19:08,01 hours 28 minutes 29 seconds,,Incline Dumbbell Fly,2,22.0462262185,12,0,0,,
2026-08-10 20:19:08,01 hours 28 minutes 29 seconds,,Dips,0,0,12,0,0,,
2026-08-10 20:19:08,01 hours 28 minutes 29 seconds,,Dips,1,0,10,0,0,,
2026-08-10 20:19:08,01 hours 28 minutes 29 seconds,,Dips,2,0,9,0,0,,
2026-08-10 20:19:08,01 hours 28 minutes 29 seconds,,Tricep Rope Pushdown,0,35.935348736155,12,0,0,,
2026-08-10 20:19:08,01 hours 28 minutes 29 seconds,,Tricep Rope Pushdown,1,35.935348736155,12,0,0,,
2026-08-10 20:19:08,01 hours 28 minutes 29 seconds,,Tricep Rope Pushdown,2,35.935348736155,12,0,0,,
2026-08-10 20:19:08,01 hours 28 minutes 29 seconds,,Tricep Rope Pushdown,3,30.42379218153,4,0,0,,
2026-08-10 20:19:08,01 hours 28 minutes 29 seconds,,Tricep Rope Pushdown,4,24.912235626905,4,0,0,,
2026-08-10 20:19:08,01 hours 28 minutes 29 seconds,,Tricep Rope Pushdown,5,19.40067907228,8,0,0,,
2026-08-10 20:19:08,01 hours 28 minutes 29 seconds,,Tricep Rope Pushdown,6,13.889122517655,12,0,0,,
2026-08-10 20:19:08,01 hours 28 minutes 29 seconds,,Abdominal set,0,0,0,0,300,,
2026-08-10 20:19:08,01 hours 28 minutes 29 seconds,,Dumbbell Bench Press,0,22.0462262185,20,0,0,,
2026-08-10 20:19:08,01 hours 28 minutes 29 seconds,,Dumbbell Bench Press,1,44.092452437,12,0,0,,
2026-08-10 20:19:08,01 hours 28 minutes 29 seconds,,Dumbbell Bench Press,2,44.092452437,12,0,0,,
2026-08-10 20:19:08,01 hours 28 minutes 29 seconds,,Dumbbell Bench Press,3,48.5016976807,12,0,0,,
2025-11-13 00:14:41,04 hours 23 minutes 43 seconds,,Rowing Machine,0,0,0,1.30356864,300,,
2025-11-13 00:14:41,04 hours 23 minutes 43 seconds,,Pull Ups,0,0,4,0,0,,
2025-11-13 00:14:41,04 hours 23 minutes 43 seconds,,Pull Ups,1,0,4,0,0,,
2025-11-13 00:14:41,04 hours 23 minutes 43 seconds,,Pull Ups,2,0,3,0,0,,
2025-11-13 00:14:41,04 hours 23 minutes 43 seconds,,Deadlift,0,44.092452437,20,0,0,,
2025-11-13 00:14:41,04 hours 23 minutes 43 seconds,,Deadlift,1,88.184904874,12,0,0,,
2025-11-13 00:14:41,04 hours 23 minutes 43 seconds,,Deadlift,2,88.184904874,12,0,0,,
2025-11-13 00:14:41,04 hours 23 minutes 43 seconds,,Deadlift,3,110.2311310925,8,0,0,,
2025-11-13 00:14:41,04 hours 23 minutes 43 seconds,,Deadlift,4,110.2311310925,10,0,0,,
2025-11-13 00:14:41,04 hours 23 minutes 43 seconds,,Seated Cable Row,0,46.958461845405,12,0,0,,
2025-11-13 00:14:41,04 hours 23 minutes 43 seconds,,Seated Cable Row,1,46.958461845405,12,0,0,,
2025-11-13 00:14:41,04 hours 23 minutes 43 seconds,,Seated Cable Row,2,55.11556554625,15,0,0,,
2025-11-13 00:14:41,04 hours 23 minutes 43 seconds,,Dumbbell Shrug,0,39.6832071933,20,0,0,,
2025-11-13 00:14:41,04 hours 23 minutes 43 seconds,,Dumbbell Shrug,1,39.6832071933,25,0,0,,
2025-11-13 00:14:41,04 hours 23 minutes 43 seconds,,Dumbbell Shrug,2,39.6832071933,25,0,0,,
2025-11-13 00:14:41,04 hours 23 minutes 43 seconds,,Dumbbell Curl,0,26.4554714622,10,0,0,,
2025-11-13 00:14:41,04 hours 23 minutes 43 seconds,,Dumbbell Curl,1,26.4554714622,10,0,0,,
2025-11-23 16:20:55,00 hours 24 minutes 08 seconds,,Incline Bench Press,0,44.092452437,20,0,0,,
2025-11-23 16:20:55,00 hours 24 minutes 08 seconds,,Incline Bench Press,1,66.1386786555,15,0,0,,
2025-11-23 16:20:55,00 hours 24 minutes 08 seconds,,Incline Bench Press,2,88.184904874,10,0,0,,
2025-11-23 16:20:55,00 hours 24 minutes 08 seconds,,Incline Bench Press,3,99.20801798325,10,0,0,,
2025-11-23 16:20:55,00 hours 24 minutes 08 seconds,,Incline Bench Press,4,99.20801798325,10,0,0,,
2025-11-23 16:20:55,00 hours 24 minutes 08 seconds,,Dumbbell Bench Press,0,35.2739619496,10,0,0,,
2025-11-23 16:20:55,00 hours 24 minutes 08 seconds,,Dumbbell Bench Press,1,35.2739619496,10,0,0,,
2025-11-23 16:20:55,00 hours 24 minutes 08 seconds,,Dumbbell Bench Press,2,35.2739619496,10,0,0,,
2025-11-23 16:20:55,00 hours 24 minutes 08 seconds,,Seated Dip Machine,0,44.092452437,15,0,0,,
2025-11-23 16:20:55,00 hours 24 minutes 08 seconds,,Seated Dip Machine,1,110.2311310925,10,0,0,,
2025-11-23 16:20:55,00 hours 24 minutes 08 seconds,,Seated Dip Machine,2,110.2311310925,10,0,0,,
2025-11-23 16:20:55,00 hours 24 minutes 08 seconds,,Seated Dip Machine,3,110.2311310925,10,0,0,,
2025-11-23 17:19:34,00 hours 58 minutes 39 seconds,,Incline Bench Press,0,44.092452437,20,0,0,,
2025-11-23 17:19:34,00 hours 58 minutes 39 seconds,,Incline Bench Press,1,66.1386786555,15,0,0,,
2025-11-23 17:19:34,00 hours 58 minutes 39 seconds,,Incline Bench Press,2,88.184904874,10,0,0,,
2025-11-23 17:19:34,00 hours 58 minutes 39 seconds,,Incline Bench Press,3,99.20801798325,10,0,0,,
2025-11-23 17:19:34,00 hours 58 minutes 39 seconds,,Incline Bench Press,4,99.20801798325,10,0,0,,
2025-11-23 17:19:34,00 hours 58 minutes 39 seconds,,Dumbbell Bench Press,0,35.2739619496,10,0,0,,
2025-11-23 17:19:34,00 hours 58 minutes 39 seconds,,Dumbbell Bench Press,1,35.2739619496,10,0,0,,
2025-11-23 17:19:34,00 hours 58 minutes 39 seconds,,Dumbbell Bench Press,2,35.2739619496,10,0,0,,
2025-11-23 17:19:34,00 hours 58 minutes 39 seconds,,Seated Dip Machine,0,44.092452437,15,0,0,,
2025-11-23 17:19:34,00 hours 58 minutes 39 seconds,,Seated Dip Machine,1,110.2311310925,10,0,0,,
2025-11-23 17:19:34,00 hours 58 minutes 39 seconds,,Seated Dip Machine,2,110.2311310925,10,0,0,,
2025-11-23 17:19:34,00 hours 58 minutes 39 seconds,,Seated Dip Machine,3,110.2311310925,10,0,0,,
2025-12-08 20:32:26,00 hours 45 minutes 31 seconds,,Treadmill,0,0,0,1.7702784,600,,
2025-12-08 20:32:26,00 hours 45 minutes 31 seconds,,Deadlift,0,44.092452437,20,0,0,,
2025-12-08 20:32:26,00 hours 45 minutes 31 seconds,,Deadlift,1,88.184904874,15,0,0,,
2025-12-08 20:32:26,00 hours 45 minutes 31 seconds,,Deadlift,2,110.2311310925,8,0,0,,
2025-12-08 20:32:26,00 hours 45 minutes 31 seconds,,Deadlift,3,110.2311310925,8,0,0,,
2025-12-08 20:32:26,00 hours 45 minutes 31 seconds,,Deadlift,4,110.2311310925,8,0,0,,
2025-12-08 20:32:26,00 hours 45 minutes 31 seconds,,Iso-Lateral High Row,0,44.092452437,12,0,0,,
2025-12-08 20:32:26,00 hours 45 minutes 31 seconds,,Iso-Lateral High Row,1,55.11556554625,12,0,0,,
2025-12-08 20:32:26,00 hours 45 minutes 31 seconds,,Iso-Lateral High Row,2,55.11556554625,12,0,0,,
2025-12-08 20:32:26,00 hours 45 minutes 31 seconds,,Iso-Lateral High Row,3,55.11556554625,12,0,0,,
2025-12-08 20:32:26,00 hours 45 minutes 31 seconds,,Dumbbell Shrug,0,39.6832071933,25,0,0,,
2025-12-08 20:32:26,00 hours 45 minutes 31 seconds,,Dumbbell Shrug,1,39.6832071933,25,0,0,,
2025-12-08 20:32:26,00 hours 45 minutes 31 seconds,,Dumbbell Shrug,2,39.6832071933,25,0,0,,
2025-12-08 20:32:26,00 hours 45 minutes 31 seconds,,Dumbbell Curl,0,22.0462262185,10,0,0,,
2025-12-08 20:32:26,00 hours 45 minutes 31 seconds,,Dumbbell Curl,1,26.4554714622,10,0,0,,
2025-12-08 20:32:26,00 hours 45 minutes 31 seconds,,Dumbbell Curl,2,26.4554714622,10,0,0,,
2025-12-08 21:43:09,01 hours 10 minutes 43 seconds,,Treadmill,0,0,0,1.7702784,600,,
2025-12-08 21:43:09,01 hours 10 minutes 43 seconds,,Deadlift,0,44.092452437,20,0,0,,
2025-12-08 21:43:09,01 hours 10 minutes 43 seconds,,Deadlift,1,88.184904874,15,0,0,,
2025-12-08 21:43:09,01 hours 10 minutes 43 seconds,,Deadlift,2,110.2311310925,8,0,0,,
2025-12-08 21:43:09,01 hours 10 minutes 43 seconds,,Deadlift,3,110.2311310925,8,0,0,,
2025-12-08 21:43:09,01 hours 10 minutes 43 seconds,,Deadlift,4,110.2311310925,8,0,0,,
2025-12-08 21:43:09,01 hours 10 minutes 43 seconds,,Iso-Lateral High Row,0,44.092452437,12,0,0,,
2025-12-08 21:43:09,01 hours 10 minutes 43 seconds,,Iso-Lateral High Row,1,55.11556554625,12,0,0,,
2025-12-08 21:43:09,01 hours 10 minutes 43 seconds,,Iso-Lateral High Row,2,55.11556554625,12,0,0,,
2025-12-08 21:43:09,01 hours 10 minutes 43 seconds,,Iso-Lateral High Row,3,55.11556554625,12,0,0,,
2025-12-08 21:43:09,01 hours 10 minutes 43 seconds,,Dumbbell Shrug,0,39.6832071933,25,0,0,,
2025-12-08 21:43:09,01 hours 10 minutes 43 seconds,,Dumbbell Shrug,1,39.6832071933,25,0,0,,
2025-12-08 21:43:09,01 hours 10 minutes 43 seconds,,Dumbbell Shrug,2,39.6832071933,25,0,0,,
2025-12-08 21:43:09,01 hours 10 minutes 43 seconds,,Dumbbell Curl,0,22.0462262185,10,0,0,,
2025-12-08 21:43:09,01 hours 10 minutes 43 seconds,,Dumbbell Curl,1,26.4554714622,10,0,0,,
2025-12-08 21:43:09,01 hours 10 minutes 43 seconds,,Dumbbell Curl,2,26.4554714622,10,0,0,,
2025-12-10 20:44:54,01 hours 05 minutes 30 seconds,,Incline Bench Press,0,44.092452437,20,0,0,,
2025-12-10 20:44:54,01 hours 05 minutes 30 seconds,,Incline Bench Press,1,66.1386786555,15,0,0,,
2025-12-10 20:44:54,01 hours 05 minutes 30 seconds,,Incline Bench Press,2,88.184904874,12,0,0,,
2025-12-10 20:44:54,01 hours 05 minutes 30 seconds,,Incline Bench Press,3,99.20801798325,8,0,0,,
2025-12-10 20:44:54,01 hours 05 minutes 30 seconds,,Incline Bench Press,4,99.20801798325,8,0,0,,
2025-12-10 20:44:54,01 hours 05 minutes 30 seconds,,Dumbbell Bench Press,0,35.2739619496,12,0,0,,
2025-12-10 20:44:54,01 hours 05 minutes 30 seconds,,Dumbbell Bench Press,1,35.2739619496,12,0,0,,
2025-12-10 20:44:54,01 hours 05 minutes 30 seconds,,Dumbbell Bench Press,2,35.2739619496,12,0,0,,
2025-12-10 20:44:54,01 hours 05 minutes 30 seconds,,Incline Dumbbell Fly,0,17.6369809748,12,0,0,,
2025-12-10 20:44:54,01 hours 05 minutes 30 seconds,,Incline Dumbbell Fly,1,17.6369809748,12,0,0,,
2025-12-10 20:44:54,01 hours 05 minutes 30 seconds,,Incline Dumbbell Fly,2,17.6369809748,12,0,0,,
2025-12-10 20:44:54,01 hours 05 minutes 30 seconds,,Seated Dip Machine,0,66.1386786555,15,0,0,,
2025-12-10 20:44:54,01 hours 05 minutes 30 seconds,,Seated Dip Machine,1,88.184904874,12,0,0,,
2025-12-10 20:44:54,01 hours 05 minutes 30 seconds,,Seated Dip Machine,2,88.184904874,12,0,0,,
2025-12-10 20:44:54,01 hours 05 minutes 30 seconds,,Seated Dip Machine,3,88.184904874,12,0,0,,
2025-12-15 21:00:53,00 hours 58 minutes 03 seconds,,Treadmill,0,0,0,2.2530816,600,,
2025-12-15 21:00:53,00 hours 58 minutes 03 seconds,,Deadlift,0,44.092452437,20,0,0,,
2025-12-15 21:00:53,00 hours 58 minutes 03 seconds,,Deadlift,1,110.2311310925,10,0,0,,
2025-12-15 21:00:53,00 hours 58 minutes 03 seconds,,Deadlift,2,132.277357311,8,0,0,,
2025-12-15 21:00:53,00 hours 58 minutes 03 seconds,,Deadlift,3,132.277357311,8,0,0,,
2025-12-15 21:00:53,00 hours 58 minutes 03 seconds,,Deadlift,4,132.277357311,8,0,0,,
2025-12-15 21:00:53,00 hours 58 minutes 03 seconds,,Iso-Lateral High Row,0,44.092452437,12,0,0,,
2025-12-15 21:00:53,00 hours 58 minutes 03 seconds,,Iso-Lateral High Row,1,55.11556554625,10,0,0,,
2025-12-15 21:00:53,00 hours 58 minutes 03 seconds,,Iso-Lateral High Row,2,66.1386786555,10,0,0,,
2025-12-15 21:00:53,00 hours 58 minutes 03 seconds,,Iso-Lateral High Row,3,66.1386786555,8,0,0,,
2025-12-15 21:00:53,00 hours 58 minutes 03 seconds,,Dumbbell Shrug,0,44.092452437,20,0,0,,
2025-12-15 21:00:53,00 hours 58 minutes 03 seconds,,Dumbbell Shrug,1,44.092452437,25,0,0,,
2025-12-15 21:00:53,00 hours 58 minutes 03 seconds,,Dumbbell Shrug,2,44.092452437,25,0,0,,
2025-12-15 21:00:53,00 hours 58 minutes 03 seconds,,Dumbbell Curl,0,26.4554714622,12,0,0,,
2025-12-15 21:00:53,00 hours 58 minutes 03 seconds,,Dumbbell Curl,1,26.4554714622,12,0,0,,
2025-12-15 21:00:53,00 hours 58 minutes 03 seconds,,Dumbbell Curl,2,26.4554714622,12,0,0,,
2026-01-05 20:10:56,01 hours 43 minutes 18 seconds,,Incline Dumbbell Bench Press,0,26.4554714622,12,0,0,,
2026-01-05 20:10:56,01 hours 43 minutes 18 seconds,,Incline Dumbbell Bench Press,1,35.2739619496,12,0,0,,
2026-01-05 20:10:56,01 hours 43 minutes 18 seconds,,Incline Dumbbell Bench Press,2,35.2739619496,10,0,0,,
2026-01-05 20:10:56,01 hours 43 minutes 18 seconds,,Incline Dumbbell Bench Press,3,35.2739619496,10,0,0,,
2026-01-05 20:10:56,01 hours 43 minutes 18 seconds,,Bench Press,0,110.2311310925,8,0,0,,
2026-01-05 20:10:56,01 hours 43 minutes 18 seconds,,Bench Press,1,110.2311310925,8,0,0,,
2026-01-05 20:10:56,01 hours 43 minutes 18 seconds,,Bench Press,2,121.25424420175,8,0,0,,
2026-01-05 20:10:56,01 hours 43 minutes 18 seconds,,Bench Press,3,121.25424420175,7,0,0,,
2026-01-05 20:10:56,01 hours 43 minutes 18 seconds,,Seated Dumbbell Shoulder Press,0,22.0462262185,10,0,0,,
2026-01-05 20:10:56,01 hours 43 minutes 18 seconds,,Seated Dumbbell Shoulder Press,1,22.0462262185,10,0,0,,
2026-01-05 20:10:56,01 hours 43 minutes 18 seconds,,Seated Dumbbell Shoulder Press,2,22.0462262185,9,0,0,,
2026-01-05 20:10:56,01 hours 43 minutes 18 seconds,,Dumbbell Lateral Raise,0,13.2277357311,15,0,0,,
2026-01-05 20:10:56,01 hours 43 minutes 18 seconds,,Dumbbell Lateral Raise,1,13.2277357311,15,0,0,,
2026-01-05 20:10:56,01 hours 43 minutes 18 seconds,,Dumbbell Lateral Raise,2,13.2277357311,15,0,0,,
2026-01-05 20:10:56,01 hours 43 minutes 18 seconds,,Tricep Rope Pushdown,0,24.912235626905,15,0,0,,
2026-01-05 20:10:56,01 hours 43 minutes 18 seconds,,Tricep Rope Pushdown,1,30.42379218153,15,0,0,,
2026-01-05 20:10:56,01 hours 43 minutes 18 seconds,,Tricep Rope Pushdown,2,30.42379218153,9,0,0,,
2026-01-05 20:10:56,01 hours 43 minutes 18 seconds,,Tricep Rope Pushdown,3,24.912235626905,6,0,0,,
2026-01-05 20:10:56,01 hours 43 minutes 18 seconds,,Tricep Rope Pushdown,4,19.84160359665,7,0,0,,
2026-01-05 20:10:56,01 hours 43 minutes 18 seconds,,Tricep Rope Pushdown,5,13.2277357311,5,0,0,,
2026-01-05 21:55:08,01 hours 44 minutes 12 seconds,,Incline Dumbbell Bench Press,0,26.4554714622,12,0,0,,
2026-01-05 21:55:08,01 hours 44 minutes 12 seconds,,Incline Dumbbell Bench Press,1,35.2739619496,12,0,0,,
2026-01-05 21:55:08,01 hours 44 minutes 12 seconds,,Incline Dumbbell Bench Press,2,35.2739619496,10,0,0,,
2026-01-05 21:55:08,01 hours 44 minutes 12 seconds,,Incline Dumbbell Bench Press,3,35.2739619496,10,0,0,,
2026-01-05 21:55:08,01 hours 44 minutes 12 seconds,,Bench Press,0,110.2311310925,8,0,0,,
2026-01-05 21:55:08,01 hours 44 minutes 12 seconds,,Bench Press,1,110.2311310925,8,0,0,,
2026-01-05 21:55:08,01 hours 44 minutes 12 seconds,,Bench Press,2,121.25424420175,8,0,0,,
2026-01-05 21:55:08,01 hours 44 minutes 12 seconds,,Bench Press,3,121.25424420175,7,0,0,,
2026-01-05 21:55:08,01 hours 44 minutes 12 seconds,,Seated Dumbbell Shoulder Press,0,22.0462262185,10,0,0,,
2026-01-05 21:55:08,01 hours 44 minutes 12 seconds,,Seated Dumbbell Shoulder Press,1,22.0462262185,10,0,0,,
2026-01-05 21:55:08,01 hours 44 minutes 12 seconds,,Seated Dumbbell Shoulder Press,2,22.0462262185,9,0,0,,
2026-01-05 21:55:08,01 hours 44 minutes 12 seconds,,Dumbbell Lateral Raise,0,13.2277357311,15,0,0,,
2026-01-05 21:55:08,01 hours 44 minutes 12 seconds,,Dumbbell Lateral Raise,1,13.2277357311,15,0,0,,
2026-01-05 21:55:08,01 hours 44 minutes 12 seconds,,Dumbbell Lateral Raise,2,13.2277357311,15,0,0,,
2026-01-05 21:55:08,01 hours 44 minutes 12 seconds,,Tricep Rope Pushdown,0,24.912235626905,15,0,0,,
2026-01-05 21:55:08,01 hours 44 minutes 12 seconds,,Tricep Rope Pushdown,1,30.42379218153,15,0,0,,
2026-01-05 21:55:08,01 hours 44 minutes 12 seconds,,Tricep Rope Pushdown,2,30.42379218153,9,0,0,,
2026-01-05 21:55:08,01 hours 44 minutes 12 seconds,,Tricep Rope Pushdown,3,24.912235626905,6,0,0,,
2026-01-05 21:55:08,01 hours 44 minutes 12 seconds,,Tricep Rope Pushdown,4,19.84160359665,7,0,0,,
2026-01-05 21:55:08,01 hours 44 minutes 12 seconds,,Tricep Rope Pushdown,5,13.2277357311,5,0,0,,
2026-01-07 20:04:34,01 hours 32 minutes 41 seconds,,Treadmill,0,0,0,1.2874752,420,,
2026-01-07 20:04:34,01 hours 32 minutes 41 seconds,,Deadlift,0,44.092452437,20,0,0,,
2026-01-07 20:04:34,01 hours 32 minutes 41 seconds,,Deadlift,1,110.2311310925,10,0,0,,
2026-01-07 20:04:34,01 hours 32 minutes 41 seconds,,Deadlift,2,132.277357311,8,0,0,,
2026-01-07 20:04:34,01 hours 32 minutes 41 seconds,,Deadlift,3,132.277357311,8,0,0,,
2026-01-07 20:04:34,01 hours 32 minutes 41 seconds,,Deadlift,4,132.277357311,8,0,0,,
2026-01-07 20:04:34,01 hours 32 minutes 41 seconds,,Lat Pulldown,0,154.3235835295,8,0,0,,
2026-01-07 20:04:34,01 hours 32 minutes 41 seconds,,Lat Pulldown,1,93.696461428625,12,0,0,,
2026-01-07 20:04:34,01 hours 32 minutes 41 seconds,,Lat Pulldown,2,110.2311310925,10,0,0,,
2026-01-07 20:04:34,01 hours 32 minutes 41 seconds,,Lat Pulldown,3,110.2311310925,12,0,0,,
2026-01-07 20:04:34,01 hours 32 minutes 41 seconds,,Seated Cable Row,0,46.958461845405,12,0,0,,
2026-01-07 20:04:34,01 hours 32 minutes 41 seconds,,Seated Cable Row,1,46.958461845405,12,0,0,,
2026-01-07 20:04:34,01 hours 32 minutes 41 seconds,,Seated Cable Row,2,46.958461845405,12,0,0,,
2026-01-07 20:04:34,01 hours 32 minutes 41 seconds,,Face Pull,0,22.0462262185,12,0,0,,
2026-01-07 20:04:34,01 hours 32 minutes 41 seconds,,Face Pull,1,33.06933932775,15,0,0,,
2026-01-07 20:04:34,01 hours 32 minutes 41 seconds,,Face Pull,2,33.06933932775,15,0,0,,
2026-01-07 20:04:34,01 hours 32 minutes 41 seconds,,EZ Bar Curl,0,44.092452437,15,0,0,,
2026-01-07 20:04:34,01 hours 32 minutes 41 seconds,,EZ Bar Curl,1,49.604008991625,15,0,0,,
2026-01-07 20:04:34,01 hours 32 minutes 41 seconds,,EZ Bar Curl,2,49.604008991625,16,0,0,,
2026-01-09 20:42:04,00 hours 50 minutes 07 seconds,,Rowing Machine,0,0,0,1.30356864,300,,
2026-01-09 20:42:04,00 hours 50 minutes 07 seconds,,Seated Dumbbell Shoulder Press,0,22.0462262185,10,0,0,,
2026-01-09 20:42:04,00 hours 50 minutes 07 seconds,,Seated Dumbbell Shoulder Press,1,26.4554714622,10,0,0,,
2026-01-09 20:42:04,00 hours 50 minutes 07 seconds,,Seated Dumbbell Shoulder Press,2,26.4554714622,10,0,0,,
2026-01-09 20:42:04,00 hours 50 minutes 07 seconds,,Seated Dumbbell Shoulder Press,3,26.4554714622,10,0,0,,
2026-01-09 20:42:04,00 hours 50 minutes 07 seconds,,Dumbbell Front Raise,0,22.0462262185,10,0,0,,
2026-01-09 20:42:04,00 hours 50 minutes 07 seconds,,Dumbbell Front Raise,1,22.0462262185,10,0,0,,
2026-01-09 20:42:04,00 hours 50 minutes 07 seconds,,Dumbbell Front Raise,2,22.0462262185,10,0,0,,
2026-01-09 20:42:04,00 hours 50 minutes 07 seconds,,Tricep Rope Pushdown,0,30.42379218153,15,0,0,,
2026-01-09 20:42:04,00 hours 50 minutes 07 seconds,,Tricep Rope Pushdown,1,30.42379218153,15,0,0,,
2026-01-09 20:42:04,00 hours 50 minutes 07 seconds,,Tricep Rope Pushdown,2,30.42379218153,15,0,0,,
2026-01-09 20:42:04,00 hours 50 minutes 07 seconds,,Dumbbell Curl,0,22.0462262185,12,0,0,,
2026-01-09 20:42:04,00 hours 50 minutes 07 seconds,,Dumbbell Curl,1,22.0462262185,12,0,0,,
2026-01-09 20:42:04,00 hours 50 minutes 07 seconds,,Dumbbell Curl,2,22.0462262185,12,0,0,,
2026-01-09 20:42:04,00 hours 50 minutes 07 seconds,,Abdominal set,0,0,0,0,300,,
2026-01-13 22:04:26,01 hours 41 minutes 04 seconds,,Rowing Machine,0,0,0,1.30356864,300,,
2026-01-13 22:04:26,01 hours 41 minutes 04 seconds,,Squat,0,44.092452437,20,0,0,,
2026-01-13 22:04:26,01 hours 41 minutes 04 seconds,,Squat,1,88.184904874,12,0,0,,
2026-01-13 22:04:26,01 hours 41 minutes 04 seconds,,Squat,2,110.2311310925,10,0,0,,
2026-01-13 22:04:26,01 hours 41 minutes 04 seconds,,Squat,3,110.2311310925,10,0,0,,
2026-01-13 22:04:26,01 hours 41 minutes 04 seconds,,Squat,4,110.2311310925,10,0,0,,
2026-01-13 22:04:26,01 hours 41 minutes 04 seconds,,Romanian Deadlift,0,88.184904874,10,0,0,,
2026-01-13 22:04:26,01 hours 41 minutes 04 seconds,,Romanian Deadlift,1,88.184904874,10,0,0,,
2026-01-13 22:04:26,01 hours 41 minutes 04 seconds,,Romanian Deadlift,2,88.184904874,10,0,0,,
2026-01-13 22:04:26,01 hours 41 minutes 04 seconds,,Sled Leg Press,0,116.84499895805,15,0,0,,+53kg
2026-01-13 22:04:26,01 hours 41 minutes 04 seconds,,Sled Leg Press,1,205.02990383205,12,0,0,,+53kg
2026-01-13 22:04:26,01 hours 41 minutes 04 seconds,,Sled Leg Press,2,249.12235626905,12,0,0,,+53kg
2026-01-13 22:04:26,01 hours 41 minutes 04 seconds,,Sled Leg Press,3,293.21480870605,12,0,0,,+53kg
2026-01-13 22:04:26,01 hours 41 minutes 04 seconds,,Lying Leg Curl,0,93.696461428625,12,0,0,,
2026-01-13 22:04:26,01 hours 41 minutes 04 seconds,,Lying Leg Curl,1,93.696461428625,12,0,0,,
2026-01-13 22:04:26,01 hours 41 minutes 04 seconds,,Lying Leg Curl,2,93.696461428625,12,0,0,,
2026-01-13 22:04:26,01 hours 41 minutes 04 seconds,,Lying Leg Curl,3,93.696461428625,12,0,0,,
2026-01-13 22:04:26,01 hours 41 minutes 04 seconds,,Seated Calf Raise,0,60.627122100875,15,0,0,,
2026-01-13 22:04:26,01 hours 41 minutes 04 seconds,,Seated Calf Raise,1,104.719574537875,20,0,0,,
2026-01-13 22:04:26,01 hours 41 minutes 04 seconds,,Seated Calf Raise,2,104.719574537875,20,0,0,,
2026-01-13 22:04:26,01 hours 41 minutes 04 seconds,,Seated Calf Raise,3,104.719574537875,20,0,0,,
2026-01-14 20:34:33,01 hours 39 minutes 20 seconds,,Incline Dumbbell Bench Press,0,26.4554714622,12,0,0,,
2026-01-14 20:34:33,01 hours 39 minutes 20 seconds,,Incline Dumbbell Bench Press,1,35.2739619496,12,0,0,,
2026-01-14 20:34:33,01 hours 39 minutes 20 seconds,,Incline Dumbbell Bench Press,2,39.6832071933,10,0,0,,
2026-01-14 20:34:33,01 hours 39 minutes 20 seconds,,Incline Dumbbell Bench Press,3,39.6832071933,10,0,0,,
2026-01-14 20:34:33,01 hours 39 minutes 20 seconds,,Bench Press,0,110.2311310925,10,0,0,,
2026-01-14 20:34:33,01 hours 39 minutes 20 seconds,,Bench Press,1,121.25424420175,8,0,0,,
2026-01-14 20:34:33,01 hours 39 minutes 20 seconds,,Bench Press,2,121.25424420175,8,0,0,,
2026-01-14 20:34:33,01 hours 39 minutes 20 seconds,,Bench Press,3,121.25424420175,6,0,0,,
2026-01-14 20:34:33,01 hours 39 minutes 20 seconds,,Seated Dumbbell Shoulder Press,0,26.4554714622,12,0,0,,
2026-01-14 20:34:33,01 hours 39 minutes 20 seconds,,Seated Dumbbell Shoulder Press,1,26.4554714622,12,0,0,,
2026-01-14 20:34:33,01 hours 39 minutes 20 seconds,,Seated Dumbbell Shoulder Press,2,26.4554714622,11,0,0,,
2026-01-14 20:34:33,01 hours 39 minutes 20 seconds,,Dumbbell Lateral Raise,0,13.2277357311,14,0,0,,
2026-01-14 20:34:33,01 hours 39 minutes 20 seconds,,Dumbbell Lateral Raise,1,13.2277357311,16,0,0,,
2026-01-14 20:34:33,01 hours 39 minutes 20 seconds,,Dumbbell Lateral Raise,2,13.2277357311,16,0,0,,
2026-01-14 20:34:33,01 hours 39 minutes 20 seconds,,Dumbbell Lateral Raise,3,13.2277357311,16,0,0,,
2026-01-14 20:34:33,01 hours 39 minutes 20 seconds,,Tricep Rope Pushdown,0,30.42379218153,15,0,0,,
2026-01-14 20:34:33,01 hours 39 minutes 20 seconds,,Tricep Rope Pushdown,1,30.42379218153,15,0,0,,
2026-01-14 20:34:33,01 hours 39 minutes 20 seconds,,Tricep Rope Pushdown,2,30.42379218153,12,0,0,,
2026-01-14 20:34:33,01 hours 39 minutes 20 seconds,,Tricep Rope Pushdown,3,24.912235626905,6,0,0,,
2026-01-14 20:34:33,01 hours 39 minutes 20 seconds,,Tricep Rope Pushdown,4,19.84160359665,8,0,0,,
2026-01-14 20:34:33,01 hours 39 minutes 20 seconds,,Tricep Rope Pushdown,5,13.2277357311,12,0,0,,
2026-01-18 15:48:39,01 hours 20 minutes 38 seconds,,Rowing Machine,0,0,0,1.30356864,300,,
2026-01-18 15:48:39,01 hours 20 minutes 38 seconds,,Deadlift,0,44.092452437,20,0,0,,
2026-01-18 15:48:39,01 hours 20 minutes 38 seconds,,Deadlift,1,110.2311310925,10,0,0,,
2026-01-18 15:48:39,01 hours 20 minutes 38 seconds,,Deadlift,2,132.277357311,10,0,0,,
2026-01-18 15:48:39,01 hours 20 minutes 38 seconds,,Deadlift,3,143.30047042025,8,0,0,,
2026-01-18 15:48:39,01 hours 20 minutes 38 seconds,,Deadlift,4,143.30047042025,8,0,0,,
2026-01-18 15:48:39,01 hours 20 minutes 38 seconds,,Lat Pulldown,0,93.696461428625,15,0,0,,"Keep 60 for now "
2026-01-18 15:48:39,01 hours 20 minutes 38 seconds,,Lat Pulldown,1,110.2311310925,12,0,0,,"Keep 60 for now "
2026-01-18 15:48:39,01 hours 20 minutes 38 seconds,,Lat Pulldown,2,132.277357311,8,0,0,,"Keep 60 for now "
2026-01-18 15:48:39,01 hours 20 minutes 38 seconds,,Lat Pulldown,3,132.277357311,10,0,0,,"Keep 60 for now "
2026-01-18 15:48:39,01 hours 20 minutes 38 seconds,,EZ Bar Curl,0,55.11556554625,15,0,0,,"25 was in the edge. The bar might be 12.5, not 10. So it was even 27.5"
2026-01-18 15:48:39,01 hours 20 minutes 38 seconds,,EZ Bar Curl,1,49.604008991625,15,0,0,,"25 was in the edge. The bar might be 12.5, not 10. So it was even 27.5"
2026-01-18 15:48:39,01 hours 20 minutes 38 seconds,,EZ Bar Curl,2,49.604008991625,16,0,0,,"25 was in the edge. The bar might be 12.5, not 10. So it was even 27.5"
2026-01-19 20:26:46,01 hours 47 minutes 38 seconds,,Rowing Machine,0,0,0,1.30356864,300,,
2026-01-19 20:26:46,01 hours 47 minutes 38 seconds,,Bench Press,0,44.092452437,22,0,0,,
2026-01-19 20:26:46,01 hours 47 minutes 38 seconds,,Bench Press,1,110.2311310925,12,0,0,,
2026-01-19 20:26:46,01 hours 47 minutes 38 seconds,,Bench Press,2,121.25424420175,10,0,0,,
2026-01-19 20:26:46,01 hours 47 minutes 38 seconds,,Bench Press,3,121.25424420175,9,0,0,,
2026-01-19 20:26:46,01 hours 47 minutes 38 seconds,,Bench Press,4,121.25424420175,9,0,0,,
2026-01-19 20:26:46,01 hours 47 minutes 38 seconds,,Incline Dumbbell Bench Press,0,30.8647167059,15,0,0,,
2026-01-19 20:26:46,01 hours 47 minutes 38 seconds,,Incline Dumbbell Bench Press,1,39.6832071933,10,0,0,,
2026-01-19 20:26:46,01 hours 47 minutes 38 seconds,,Incline Dumbbell Bench Press,2,39.6832071933,12,0,0,,
2026-01-19 20:26:46,01 hours 47 minutes 38 seconds,,Incline Dumbbell Bench Press,3,39.6832071933,10,0,0,,
2026-01-19 20:26:46,01 hours 47 minutes 38 seconds,,Seated Dumbbell Shoulder Press,0,30.8647167059,11,0,0,,
2026-01-19 20:26:46,01 hours 47 minutes 38 seconds,,Seated Dumbbell Shoulder Press,1,30.8647167059,10,0,0,,
2026-01-19 20:26:46,01 hours 47 minutes 38 seconds,,Seated Dumbbell Shoulder Press,2,30.8647167059,10,0,0,,
2026-01-19 20:26:46,01 hours 47 minutes 38 seconds,,Dumbbell Lateral Raise,0,13.2277357311,15,0,0,,
2026-01-19 20:26:46,01 hours 47 minutes 38 seconds,,Dumbbell Lateral Raise,1,13.2277357311,18,0,0,,
2026-01-19 20:26:46,01 hours 47 minutes 38 seconds,,Dumbbell Lateral Raise,2,13.2277357311,20,0,0,,
2026-01-19 20:26:46,01 hours 47 minutes 38 seconds,,Dumbbell Lateral Raise,3,13.2277357311,20,0,0,,
2026-01-19 20:26:46,01 hours 47 minutes 38 seconds,,Tricep Rope Pushdown,0,30.42379218153,18,0,0,,
2026-01-19 20:26:46,01 hours 47 minutes 38 seconds,,Tricep Rope Pushdown,1,35.935348736155,12,0,0,,
2026-01-19 20:26:46,01 hours 47 minutes 38 seconds,,Tricep Rope Pushdown,2,35.935348736155,9,0,0,,
2026-01-19 20:26:46,01 hours 47 minutes 38 seconds,,Tricep Rope Pushdown,3,30.42379218153,3,0,0,,
2026-01-19 20:26:46,01 hours 47 minutes 38 seconds,,Tricep Rope Pushdown,4,24.912235626905,5,0,0,,
2026-01-19 20:26:46,01 hours 47 minutes 38 seconds,,Tricep Rope Pushdown,5,19.40067907228,8,0,0,,
2026-01-19 20:26:46,01 hours 47 minutes 38 seconds,,Tricep Rope Pushdown,6,13.889122517655,10,0,0,,
2026-01-19 22:14:45,01 hours 48 minutes 00 seconds,,Rowing Machine,0,0,0,1.30356864,300,,
2026-01-19 22:14:45,01 hours 48 minutes 00 seconds,,Bench Press,0,44.092452437,22,0,0,,
2026-01-19 22:14:45,01 hours 48 minutes 00 seconds,,Bench Press,1,110.2311310925,12,0,0,,
2026-01-19 22:14:45,01 hours 48 minutes 00 seconds,,Bench Press,2,121.25424420175,10,0,0,,
2026-01-19 22:14:45,01 hours 48 minutes 00 seconds,,Bench Press,3,121.25424420175,9,0,0,,
2026-01-19 22:14:45,01 hours 48 minutes 00 seconds,,Bench Press,4,121.25424420175,9,0,0,,
2026-01-19 22:14:45,01 hours 48 minutes 00 seconds,,Incline Dumbbell Bench Press,0,30.8647167059,15,0,0,,
2026-01-19 22:14:45,01 hours 48 minutes 00 seconds,,Incline Dumbbell Bench Press,1,39.6832071933,10,0,0,,
2026-01-19 22:14:45,01 hours 48 minutes 00 seconds,,Incline Dumbbell Bench Press,2,39.6832071933,12,0,0,,
2026-01-19 22:14:45,01 hours 48 minutes 00 seconds,,Incline Dumbbell Bench Press,3,39.6832071933,10,0,0,,
2026-01-19 22:14:45,01 hours 48 minutes 00 seconds,,Seated Dumbbell Shoulder Press,0,30.8647167059,11,0,0,,
2026-01-19 22:14:45,01 hours 48 minutes 00 seconds,,Seated Dumbbell Shoulder Press,1,30.8647167059,10,0,0,,
2026-01-19 22:14:45,01 hours 48 minutes 00 seconds,,Seated Dumbbell Shoulder Press,2,30.8647167059,10,0,0,,
2026-01-19 22:14:45,01 hours 48 minutes 00 seconds,,Dumbbell Lateral Raise,0,13.2277357311,15,0,0,,
2026-01-19 22:14:45,01 hours 48 minutes 00 seconds,,Dumbbell Lateral Raise,1,13.2277357311,18,0,0,,
2026-01-19 22:14:45,01 hours 48 minutes 00 seconds,,Dumbbell Lateral Raise,2,13.2277357311,20,0,0,,
2026-01-19 22:14:45,01 hours 48 minutes 00 seconds,,Dumbbell Lateral Raise,3,13.2277357311,20,0,0,,
2026-01-19 22:14:45,01 hours 48 minutes 00 seconds,,Tricep Rope Pushdown,0,30.42379218153,18,0,0,,
2026-01-19 22:14:45,01 hours 48 minutes 00 seconds,,Tricep Rope Pushdown,1,35.935348736155,12,0,0,,
2026-01-19 22:14:45,01 hours 48 minutes 00 seconds,,Tricep Rope Pushdown,2,35.935348736155,9,0,0,,
2026-01-19 22:14:45,01 hours 48 minutes 00 seconds,,Tricep Rope Pushdown,3,30.42379218153,3,0,0,,
2026-01-19 22:14:45,01 hours 48 minutes 00 seconds,,Tricep Rope Pushdown,4,24.912235626905,5,0,0,,
2026-01-19 22:14:45,01 hours 48 minutes 00 seconds,,Tricep Rope Pushdown,5,19.40067907228,8,0,0,,
2026-01-19 22:14:45,01 hours 48 minutes 00 seconds,,Tricep Rope Pushdown,6,13.889122517655,10,0,0,,
2026-01-21 20:22:44,01 hours 10 minutes 00 seconds,,Squat,0,44.092452437,20,0,0,,
2026-01-21 20:22:44,01 hours 10 minutes 00 seconds,,Squat,1,110.2311310925,12,0,0,,
2026-01-21 20:22:44,01 hours 10 minutes 00 seconds,,Squat,2,132.277357311,8,0,0,,
2026-01-21 20:22:44,01 hours 10 minutes 00 seconds,,Squat,3,132.277357311,8,0,0,,
2026-01-21 20:22:44,01 hours 10 minutes 00 seconds,,Squat,4,132.277357311,8,0,0,,
2026-01-21 20:22:44,01 hours 10 minutes 00 seconds,,Romanian Deadlift,0,110.2311310925,10,0,0,,
2026-01-21 20:22:44,01 hours 10 minutes 00 seconds,,Romanian Deadlift,1,110.2311310925,10,0,0,,
2026-01-21 20:22:44,01 hours 10 minutes 00 seconds,,Romanian Deadlift,2,110.2311310925,10,0,0,,
2026-01-21 20:22:44,01 hours 10 minutes 00 seconds,,Sled Leg Press,0,293.21480870605,12,0,0,,
2026-01-21 20:22:44,01 hours 10 minutes 00 seconds,,Sled Leg Press,1,337.30726114305,12,0,0,,
2026-01-21 20:22:44,01 hours 10 minutes 00 seconds,,Sled Leg Press,2,381.39971358005,12,0,0,,
2026-01-21 20:22:44,01 hours 10 minutes 00 seconds,,Sled Leg Press,3,381.39971358005,12,0,0,,
2026-01-21 20:22:44,01 hours 10 minutes 00 seconds,,Lying Leg Curl,0,93.696461428625,12,0,0,,
2026-01-21 20:22:44,01 hours 10 minutes 00 seconds,,Lying Leg Curl,1,93.696461428625,12,0,0,,
2026-01-21 20:22:44,01 hours 10 minutes 00 seconds,,Lying Leg Curl,2,93.696461428625,12,0,0,,
2026-01-21 20:22:44,01 hours 10 minutes 00 seconds,,Seated Calf Raise,0,104.05818775132,20,0,0,,Free is 27.2
2026-01-21 20:22:44,01 hours 10 minutes 00 seconds,,Seated Calf Raise,1,104.05818775132,20,0,0,,Free is 27.2
2026-01-21 20:22:44,01 hours 10 minutes 00 seconds,,Seated Calf Raise,2,104.05818775132,20,0,0,,Free is 27.2
2026-01-21 20:22:44,01 hours 10 minutes 00 seconds,,Seated Calf Raise,3,104.05818775132,20,0,0,,Free is 27.2
2026-01-23 20:39:03,01 hours 26 minutes 58 seconds,,Rowing Machine,0,0,0,1.30356864,300,,
2026-01-23 20:39:03,01 hours 26 minutes 58 seconds,,Deadlift,0,44.092452437,20,0,0,,
2026-01-23 20:39:03,01 hours 26 minutes 58 seconds,,Deadlift,1,132.277357311,10,0,0,,
2026-01-23 20:39:03,01 hours 26 minutes 58 seconds,,Deadlift,2,154.3235835295,8,0,0,,
2026-01-23 20:39:03,01 hours 26 minutes 58 seconds,,Deadlift,3,154.3235835295,8,0,0,,
2026-01-23 20:39:03,01 hours 26 minutes 58 seconds,,Deadlift,4,154.3235835295,8,0,0,,
2026-01-23 20:39:03,01 hours 26 minutes 58 seconds,,Deadlift,5,154.3235835295,8,0,0,,
2026-01-23 20:39:03,01 hours 26 minutes 58 seconds,,Lat Pulldown,0,93.696461428625,15,0,0,,"Keep 60 for now "
2026-01-23 20:39:03,01 hours 26 minutes 58 seconds,,Lat Pulldown,1,110.2311310925,12,0,0,,"Keep 60 for now "
2026-01-23 20:39:03,01 hours 26 minutes 58 seconds,,Lat Pulldown,2,110.2311310925,12,0,0,,"Keep 60 for now "
2026-01-23 20:39:03,01 hours 26 minutes 58 seconds,,Lat Pulldown,3,132.277357311,10,0,0,,"Keep 60 for now "
2026-01-23 20:39:03,01 hours 26 minutes 58 seconds,,Lat Pulldown,4,132.277357311,10,0,0,,"Keep 60 for now "
2026-01-23 20:39:03,01 hours 26 minutes 58 seconds,,Seated Cable Row,0,46.958461845405,12,0,0,,
2026-01-23 20:39:03,01 hours 26 minutes 58 seconds,,Seated Cable Row,1,55.11556554625,12,0,0,,
2026-01-23 20:39:03,01 hours 26 minutes 58 seconds,,Seated Cable Row,2,55.11556554625,12,0,0,,
2026-01-23 20:39:03,01 hours 26 minutes 58 seconds,,EZ Bar Curl,0,44.092452437,15,0,0,,"25 was in the edge. The bar might be 12.5, not 10. So it was even 27.5"
2026-01-23 20:39:03,01 hours 26 minutes 58 seconds,,EZ Bar Curl,1,49.604008991625,15,0,0,,"25 was in the edge. The bar might be 12.5, not 10. So it was even 27.5"
2026-01-23 20:39:03,01 hours 26 minutes 58 seconds,,EZ Bar Curl,2,49.604008991625,15,0,0,,"25 was in the edge. The bar might be 12.5, not 10. So it was even 27.5"
2026-01-26 21:51:47,00 hours 40 minutes 45 seconds,,Rowing Machine,0,0,0,1.30356864,300,,
2026-01-26 21:51:47,00 hours 40 minutes 45 seconds,,Bench Press,0,44.092452437,22,0,0,,
2026-01-26 21:51:47,00 hours 40 minutes 45 seconds,,Bench Press,1,110.2311310925,12,0,0,,
2026-01-26 21:51:47,00 hours 40 minutes 45 seconds,,Bench Press,2,126.765800756375,8,0,0,,
2026-01-26 21:51:47,00 hours 40 minutes 45 seconds,,Bench Press,3,126.765800756375,8,0,0,,
2026-01-26 21:51:47,00 hours 40 minutes 45 seconds,,Bench Press,4,126.765800756375,4,0,0,,
2026-01-26 21:51:47,00 hours 40 minutes 45 seconds,,Bench Press,5,126.765800756375,6,0,0,,
2026-01-26 21:51:47,00 hours 40 minutes 45 seconds,,Incline Dumbbell Bench Press,0,44.092452437,7,0,0,,
2026-01-26 21:51:47,00 hours 40 minutes 45 seconds,,Incline Dumbbell Bench Press,1,44.092452437,8,0,0,,
2026-01-26 21:51:47,00 hours 40 minutes 45 seconds,,Incline Dumbbell Bench Press,2,44.092452437,7,0,0,,
2026-01-26 21:51:47,00 hours 40 minutes 45 seconds,,Tricep Rope Pushdown,0,35.935348736155,12,0,0,,
2026-01-26 21:51:47,00 hours 40 minutes 45 seconds,,Tricep Rope Pushdown,1,35.935348736155,12,0,0,,
2026-01-26 21:51:47,00 hours 40 minutes 45 seconds,,Tricep Rope Pushdown,2,35.935348736155,12,0,0,,
2026-01-26 21:51:47,00 hours 40 minutes 45 seconds,,Tricep Rope Pushdown,3,30.42379218153,6,0,0,,
2026-01-26 21:51:47,00 hours 40 minutes 45 seconds,,Tricep Rope Pushdown,4,24.912235626905,6,0,0,,
2026-01-26 21:51:47,00 hours 40 minutes 45 seconds,,Tricep Rope Pushdown,5,19.40067907228,7,0,0,,
2026-01-26 21:51:47,00 hours 40 minutes 45 seconds,,Tricep Rope Pushdown,6,13.889122517655,10,0,0,,
2026-01-28 20:52:27,01 hours 05 minutes 28 seconds,,Rowing Machine,0,0,0,1.30356864,300,,
2026-01-28 20:52:27,01 hours 05 minutes 28 seconds,,Deadlift,0,44.092452437,20,0,0,,
2026-01-28 20:52:27,01 hours 05 minutes 28 seconds,,Deadlift,1,132.277357311,12,0,0,,
2026-01-28 20:52:27,01 hours 05 minutes 28 seconds,,Deadlift,2,154.3235835295,8,0,0,,
2026-01-28 20:52:27,01 hours 05 minutes 28 seconds,,Deadlift,3,165.34669663875,8,0,0,,
2026-01-28 20:52:27,01 hours 05 minutes 28 seconds,,Deadlift,4,165.34669663875,8,0,0,,
2026-01-28 20:52:27,01 hours 05 minutes 28 seconds,,Lat Pulldown,0,110.2311310925,12,0,0,,"Keep 60 for now "
2026-01-28 20:52:27,01 hours 05 minutes 28 seconds,,Lat Pulldown,1,132.277357311,10,0,0,,"Keep 60 for now "
2026-01-28 20:52:27,01 hours 05 minutes 28 seconds,,Lat Pulldown,2,132.277357311,10,0,0,,"Keep 60 for now "
2026-01-28 20:52:27,01 hours 05 minutes 28 seconds,,Lat Pulldown,3,132.277357311,12,0,0,,"Keep 60 for now "
2026-01-28 20:52:27,01 hours 05 minutes 28 seconds,,Seated Cable Row,0,55.11556554625,12,0,0,,
2026-01-28 20:52:27,01 hours 05 minutes 28 seconds,,Seated Cable Row,1,55.11556554625,12,0,0,,
2026-01-28 20:52:27,01 hours 05 minutes 28 seconds,,Seated Cable Row,2,55.11556554625,15,0,0,,
2026-01-28 20:52:27,01 hours 05 minutes 28 seconds,,EZ Bar Curl,0,49.604008991625,15,0,0,,"25 was in the edge. The bar might be 12.5, not 10. So it was even 27.5"
2026-01-28 20:52:27,01 hours 05 minutes 28 seconds,,EZ Bar Curl,1,49.604008991625,15,0,0,,"25 was in the edge. The bar might be 12.5, not 10. So it was even 27.5"
2026-01-28 20:52:27,01 hours 05 minutes 28 seconds,,EZ Bar Curl,2,49.604008991625,15,0,0,,"25 was in the edge. The bar might be 12.5, not 10. So it was even 27.5"
2026-01-30 22:53:08,07 hours 19 minutes 43 seconds,,Rowing Machine,0,0,0,1.30356864,300,,
2026-01-30 22:53:08,07 hours 19 minutes 43 seconds,,Squat,0,44.092452437,20,0,0,,
2026-01-30 22:53:08,07 hours 19 minutes 43 seconds,,Squat,1,110.2311310925,10,0,0,,
2026-01-30 22:53:08,07 hours 19 minutes 43 seconds,,Squat,2,132.277357311,10,0,0,,
2026-01-30 22:53:08,07 hours 19 minutes 43 seconds,,Squat,3,143.30047042025,8,0,0,,
2026-01-30 22:53:08,07 hours 19 minutes 43 seconds,,Squat,4,132.277357311,8,0,0,,
2026-01-30 22:53:08,07 hours 19 minutes 43 seconds,,Romanian Deadlift,0,110.2311310925,10,0,0,,
2026-01-30 22:53:08,07 hours 19 minutes 43 seconds,,Romanian Deadlift,1,110.2311310925,10,0,0,,
2026-01-30 22:53:08,07 hours 19 minutes 43 seconds,,Romanian Deadlift,2,110.2311310925,10,0,0,,
2026-01-30 22:53:08,07 hours 19 minutes 43 seconds,,Sled Leg Press,0,227.07613005055,20,0,0,,"In Vit gym, prob rack is 0"
2026-01-30 22:53:08,07 hours 19 minutes 43 seconds,,Sled Leg Press,1,381.39971358005,12,0,0,,"In Vit gym, prob rack is 0"
2026-01-30 22:53:08,07 hours 19 minutes 43 seconds,,Sled Leg Press,2,381.39971358005,12,0,0,,"In Vit gym, prob rack is 0"
2026-01-30 22:53:08,07 hours 19 minutes 43 seconds,,Sled Leg Press,3,381.39971358005,12,0,0,,"In Vit gym, prob rack is 0"
2026-01-30 22:53:08,07 hours 19 minutes 43 seconds,,Seated Leg Curl,0,88.184904874,20,0,0,,
2026-01-30 22:53:08,07 hours 19 minutes 43 seconds,,Seated Leg Curl,1,99.20801798325,20,0,0,,
2026-01-30 22:53:08,07 hours 19 minutes 43 seconds,,Seated Calf Raise,0,104.05818775132,20,0,0,,Free is 27.2
2026-01-30 22:53:08,07 hours 19 minutes 43 seconds,,Seated Calf Raise,1,104.05818775132,20,0,0,,Free is 27.2
2026-01-30 22:53:08,07 hours 19 minutes 43 seconds,,Seated Calf Raise,2,104.05818775132,20,0,0,,Free is 27.2
2026-01-30 22:53:08,07 hours 19 minutes 43 seconds,,Seated Calf Raise,3,104.05818775132,20,0,0,,Free is 27.2
2026-02-02 21:36:36,00 hours 56 minutes 51 seconds,,Tricep Rope Pushdown,0,35.935348736155,16,0,0,,
2026-02-02 21:36:36,00 hours 56 minutes 51 seconds,,Tricep Rope Pushdown,1,35.935348736155,11,0,0,,
2026-02-02 21:36:36,00 hours 56 minutes 51 seconds,,Tricep Rope Pushdown,2,35.935348736155,6,0,0,,
2026-02-02 21:36:36,00 hours 56 minutes 51 seconds,,Tricep Rope Pushdown,3,30.42379218153,6,0,0,,
2026-02-02 21:36:36,00 hours 56 minutes 51 seconds,,Tricep Rope Pushdown,4,24.912235626905,6,0,0,,
2026-02-02 21:36:36,00 hours 56 minutes 51 seconds,,Tricep Rope Pushdown,5,19.40067907228,6,0,0,,
2026-02-02 21:36:36,00 hours 56 minutes 51 seconds,,Tricep Rope Pushdown,6,13.889122517655,6,0,0,,
2026-02-02 21:36:36,00 hours 56 minutes 51 seconds,,Rowing Machine,0,0,0,1.30356864,300,,
2026-02-02 21:36:36,00 hours 56 minutes 51 seconds,,Incline Dumbbell Bench Press,0,44.092452437,8,0,0,,
2026-02-02 21:36:36,00 hours 56 minutes 51 seconds,,Incline Dumbbell Bench Press,1,44.092452437,8,0,0,,
2026-02-02 21:36:36,00 hours 56 minutes 51 seconds,,Incline Dumbbell Bench Press,2,44.092452437,8,0,0,,
2026-02-02 21:36:36,00 hours 56 minutes 51 seconds,,Dumbbell Lateral Raise,0,13.2277357311,15,0,0,,
2026-02-02 21:36:36,00 hours 56 minutes 51 seconds,,Dumbbell Lateral Raise,1,13.2277357311,20,0,0,,
2026-02-02 21:36:36,00 hours 56 minutes 51 seconds,,Dumbbell Lateral Raise,2,13.2277357311,20,0,0,,
2026-02-02 21:36:36,00 hours 56 minutes 51 seconds,,Seated Dumbbell Shoulder Press,0,30.8647167059,12,0,0,,
2026-02-02 21:36:36,00 hours 56 minutes 51 seconds,,Seated Dumbbell Shoulder Press,1,30.8647167059,11,0,0,,
2026-02-02 21:36:36,00 hours 56 minutes 51 seconds,,Seated Dumbbell Shoulder Press,2,30.8647167059,10,0,0,,
2026-02-02 21:36:36,00 hours 56 minutes 51 seconds,,Dumbbell Bench Press,0,26.4554714622,20,0,0,,
2026-02-02 21:36:36,00 hours 56 minutes 51 seconds,,Dumbbell Bench Press,1,35.2739619496,16,0,0,,
2026-02-02 21:36:36,00 hours 56 minutes 51 seconds,,Dumbbell Bench Press,2,39.6832071933,12,0,0,,
2026-02-02 21:36:36,00 hours 56 minutes 51 seconds,,Dumbbell Bench Press,3,44.092452437,10,0,0,,
2026-02-02 21:36:36,00 hours 56 minutes 51 seconds,,Dumbbell Bench Press,4,44.092452437,10,0,0,,
2026-02-04 15:54:35,01 hours 00 minutes 00 seconds,,Rowing Machine,0,0,0,1.30356864,300,,
2026-02-04 15:54:35,01 hours 00 minutes 00 seconds,,Deadlift,0,44.092452437,20,0,0,,
2026-02-04 15:54:35,01 hours 00 minutes 00 seconds,,Deadlift,1,132.277357311,12,0,0,,
2026-02-04 15:54:35,01 hours 00 minutes 00 seconds,,Deadlift,2,165.34669663875,8,0,0,,
2026-02-04 15:54:35,01 hours 00 minutes 00 seconds,,Deadlift,3,165.34669663875,8,0,0,,
2026-02-04 15:54:35,01 hours 00 minutes 00 seconds,,Deadlift,4,165.34669663875,8,0,0,,
2026-02-04 15:54:35,01 hours 00 minutes 00 seconds,,Seated Cable Row,0,51.808631613475,12,0,0,,
2026-02-04 15:54:35,01 hours 00 minutes 00 seconds,,Seated Cable Row,1,59.52481078995,12,0,0,,
2026-02-04 15:54:35,01 hours 00 minutes 00 seconds,,Seated Cable Row,2,59.52481078995,12,0,0,,
2026-02-04 15:54:35,01 hours 00 minutes 00 seconds,,Lat Pulldown,0,132.277357311,8,0,0,,"Keep 60 for now "
2026-02-04 15:54:35,01 hours 00 minutes 00 seconds,,Lat Pulldown,1,132.277357311,10,0,0,,"Keep 60 for now "
2026-02-04 15:54:35,01 hours 00 minutes 00 seconds,,Lat Pulldown,2,132.277357311,12,0,0,,"Keep 60 for now "
2026-02-04 15:54:35,01 hours 00 minutes 00 seconds,,Lat Pulldown,3,132.277357311,12,0,0,,"Keep 60 for now "
2026-02-04 15:54:35,01 hours 00 minutes 00 seconds,,EZ Bar Curl,0,49.604008991625,15,0,0,,"25 was in the edge. The bar might be 12.5, not 10. So it was even 27.5"
2026-02-04 15:54:35,01 hours 00 minutes 00 seconds,,EZ Bar Curl,1,49.604008991625,15,0,0,,"25 was in the edge. The bar might be 12.5, not 10. So it was even 27.5"
2026-02-04 15:54:35,01 hours 00 minutes 00 seconds,,EZ Bar Curl,2,49.604008991625,15,0,0,,"25 was in the edge. The bar might be 12.5, not 10. So it was even 27.5"
2026-02-07 12:27:55,01 hours 32 minutes 08 seconds,,Rowing Machine,0,0,0,1.30356864,300,,
2026-02-07 12:27:55,01 hours 32 minutes 08 seconds,,Squat,0,66.1386786555,16,0,0,,
2026-02-07 12:27:55,01 hours 32 minutes 08 seconds,,Squat,1,110.2311310925,12,0,0,,
2026-02-07 12:27:55,01 hours 32 minutes 08 seconds,,Squat,2,132.277357311,10,0,0,,
2026-02-07 12:27:55,01 hours 32 minutes 08 seconds,,Squat,3,143.30047042025,8,0,0,,
2026-02-07 12:27:55,01 hours 32 minutes 08 seconds,,Squat,4,154.3235835295,8,0,0,,
2026-02-07 12:27:55,01 hours 32 minutes 08 seconds,,Romanian Deadlift,0,121.25424420175,10,0,0,,
2026-02-07 12:27:55,01 hours 32 minutes 08 seconds,,Romanian Deadlift,1,110.2311310925,10,0,0,,
2026-02-07 12:27:55,01 hours 32 minutes 08 seconds,,Romanian Deadlift,2,110.2311310925,10,0,0,,
2026-02-07 12:27:55,01 hours 32 minutes 08 seconds,,Seated Calf Raise,0,104.05818775132,20,0,0,,Free is 27.2
2026-02-07 12:27:55,01 hours 32 minutes 08 seconds,,Seated Calf Raise,1,104.05818775132,20,0,0,,Free is 27.2
2026-02-07 12:27:55,01 hours 32 minutes 08 seconds,,Seated Calf Raise,2,104.05818775132,20,0,0,,Free is 27.2
2026-02-07 12:27:55,01 hours 32 minutes 08 seconds,,Seated Calf Raise,3,104.05818775132,20,0,0,,Free is 27.2
2026-02-07 12:27:55,01 hours 32 minutes 08 seconds,,Sled Leg Press,0,315.26103492455,20,0,0,,"In Vit gym, prob rack is 0"
2026-02-07 12:27:55,01 hours 32 minutes 08 seconds,,Sled Leg Press,1,403.44593979855,12,0,0,,"In Vit gym, prob rack is 0"
2026-02-07 12:27:55,01 hours 32 minutes 08 seconds,,Sled Leg Press,2,447.53839223555,12,0,0,,"In Vit gym, prob rack is 0"
2026-02-07 12:27:55,01 hours 32 minutes 08 seconds,,Sled Leg Press,3,447.53839223555,12,0,0,,"In Vit gym, prob rack is 0"
2026-02-10 15:23:34,01 hours 00 minutes 00 seconds,,Rowing Machine,0,0,0,1.30356864,300,,
2026-02-10 15:23:34,01 hours 00 minutes 00 seconds,,Pull Ups,0,0,5,0,0,,
2026-02-10 15:23:34,01 hours 00 minutes 00 seconds,,Pull Ups,1,0,4,0,0,,
2026-02-10 15:23:34,01 hours 00 minutes 00 seconds,,Pull Ups,2,0,4,0,0,,
2026-02-10 15:23:34,01 hours 00 minutes 00 seconds,,Deadlift,0,44.092452437,20,0,0,,
2026-02-10 15:23:34,01 hours 00 minutes 00 seconds,,Deadlift,1,110.2311310925,12,0,0,,
2026-02-10 15:23:34,01 hours 00 minutes 00 seconds,,Deadlift,2,154.3235835295,8,0,0,,
2026-02-10 15:23:34,01 hours 00 minutes 00 seconds,,Deadlift,3,176.369809748,8,0,0,,
2026-02-10 15:23:34,01 hours 00 minutes 00 seconds,,Deadlift,4,176.369809748,8,0,0,,
2026-02-10 15:23:34,01 hours 00 minutes 00 seconds,,Iso-Lateral High Row,0,88.184904874,8,0,0,,
2026-02-10 15:23:34,01 hours 00 minutes 00 seconds,,Iso-Lateral High Row,1,66.1386786555,12,0,0,,
2026-02-10 15:23:34,01 hours 00 minutes 00 seconds,,Iso-Lateral High Row,2,77.16179176475,10,0,0,,
2026-02-10 15:23:34,01 hours 00 minutes 00 seconds,,Seated Cable Row,0,59.52481078995,8,0,0,,
2026-02-10 15:23:34,01 hours 00 minutes 00 seconds,,Seated Cable Row,1,50.70632030255,12,0,0,,
2026-02-10 15:23:34,01 hours 00 minutes 00 seconds,,Seated Cable Row,2,50.70632030255,12,0,0,,
2026-02-10 15:23:34,01 hours 00 minutes 00 seconds,,Dumbbell Curl,0,26.4554714622,12,0,0,,
2026-02-10 15:23:34,01 hours 00 minutes 00 seconds,,Dumbbell Curl,1,26.4554714622,12,0,0,,
2026-02-10 15:23:34,01 hours 00 minutes 00 seconds,,Dumbbell Curl,2,26.4554714622,12,0,0,,
2026-02-12 16:09:26,03 hours 16 minutes 37 seconds,,Rowing Machine,0,0,0,1.30356864,300,,
2026-02-12 16:09:26,03 hours 16 minutes 37 seconds,,Bench Press,0,44.092452437,20,0,0,,
2026-02-12 16:09:26,03 hours 16 minutes 37 seconds,,Bench Press,1,88.184904874,12,0,0,,
2026-02-12 16:09:26,03 hours 16 minutes 37 seconds,,Bench Press,2,110.2311310925,12,0,0,,
2026-02-12 16:09:26,03 hours 16 minutes 37 seconds,,Bench Press,3,121.25424420175,12,0,0,,
2026-02-12 16:09:26,03 hours 16 minutes 37 seconds,,Bench Press,4,132.277357311,8,0,0,,
2026-02-12 16:09:26,03 hours 16 minutes 37 seconds,,Incline Dumbbell Bench Press,0,44.092452437,8,0,0,,
2026-02-12 16:09:26,03 hours 16 minutes 37 seconds,,Incline Dumbbell Bench Press,1,44.092452437,8,0,0,,
2026-02-12 16:09:26,03 hours 16 minutes 37 seconds,,Incline Dumbbell Bench Press,2,44.092452437,8,0,0,,
2026-02-12 16:09:26,03 hours 16 minutes 37 seconds,,Seated Dumbbell Shoulder Press,0,30.8647167059,12,0,0,,
2026-02-12 16:09:26,03 hours 16 minutes 37 seconds,,Seated Dumbbell Shoulder Press,1,30.8647167059,12,0,0,,
2026-02-12 16:09:26,03 hours 16 minutes 37 seconds,,Seated Dumbbell Shoulder Press,2,30.8647167059,12,0,0,,
2026-02-12 16:09:26,03 hours 16 minutes 37 seconds,,Dumbbell Lateral Raise,0,13.2277357311,15,0,0,,"I used one dumbbell and didn’t do any rest (almost) between sets "
2026-02-12 16:09:26,03 hours 16 minutes 37 seconds,,Dumbbell Lateral Raise,1,13.2277357311,15,0,0,,"I used one dumbbell and didn’t do any rest (almost) between sets "
2026-02-12 16:09:26,03 hours 16 minutes 37 seconds,,Dumbbell Lateral Raise,2,13.2277357311,15,0,0,,"I used one dumbbell and didn’t do any rest (almost) between sets "
2026-02-12 16:09:26,03 hours 16 minutes 37 seconds,,Tricep Rope Pushdown,0,35.935348736155,12,0,0,,
2026-02-12 16:09:26,03 hours 16 minutes 37 seconds,,Tricep Rope Pushdown,1,35.935348736155,12,0,0,,
2026-02-12 16:09:26,03 hours 16 minutes 37 seconds,,Tricep Rope Pushdown,2,35.935348736155,6,0,0,,
2026-02-12 16:09:26,03 hours 16 minutes 37 seconds,,Tricep Rope Pushdown,3,30.42379218153,6,0,0,,
2026-02-12 16:09:26,03 hours 16 minutes 37 seconds,,Tricep Rope Pushdown,4,24.912235626905,6,0,0,,
2026-02-12 16:09:26,03 hours 16 minutes 37 seconds,,Tricep Rope Pushdown,5,19.40067907228,6,0,0,,
2026-02-12 16:09:26,03 hours 16 minutes 37 seconds,,Tricep Rope Pushdown,6,13.889122517655,6,0,0,,
2026-02-16 21:00:34,01 hours 06 minutes 09 seconds,,Rowing Machine,0,0,0,1.30356864,300,,
2026-02-16 21:00:34,01 hours 06 minutes 09 seconds,,Squat,0,44.092452437,20,0,0,,
2026-02-16 21:00:34,01 hours 06 minutes 09 seconds,,Squat,1,110.2311310925,12,0,0,,
2026-02-16 21:00:34,01 hours 06 minutes 09 seconds,,Squat,2,154.3235835295,8,0,0,,
2026-02-16 21:00:34,01 hours 06 minutes 09 seconds,,Squat,3,154.3235835295,8,0,0,,
2026-02-16 21:00:34,01 hours 06 minutes 09 seconds,,Squat,4,154.3235835295,8,0,0,,
2026-02-16 21:00:34,01 hours 06 minutes 09 seconds,,Romanian Deadlift,0,132.277357311,8,0,0,,
2026-02-16 21:00:34,01 hours 06 minutes 09 seconds,,Romanian Deadlift,1,121.25424420175,10,0,0,,
2026-02-16 21:00:34,01 hours 06 minutes 09 seconds,,Romanian Deadlift,2,121.25424420175,10,0,0,,
2026-02-16 21:00:34,01 hours 06 minutes 09 seconds,,Sled Leg Press,0,381.39971358005,12,0,0,,"In Vit gym, prob rack is 0"
2026-02-16 21:00:34,01 hours 06 minutes 09 seconds,,Sled Leg Press,1,447.53839223555,12,0,0,,"In Vit gym, prob rack is 0"
2026-02-16 21:00:34,01 hours 06 minutes 09 seconds,,Sled Leg Press,2,447.53839223555,12,0,0,,"In Vit gym, prob rack is 0"
2026-02-16 21:00:34,01 hours 06 minutes 09 seconds,,Sled Leg Press,3,447.53839223555,12,0,0,,"In Vit gym, prob rack is 0"
2026-02-16 21:00:34,01 hours 06 minutes 09 seconds,,Seated Calf Raise,0,104.05818775132,20,0,0,,Free is 27.2
2026-02-16 21:00:34,01 hours 06 minutes 09 seconds,,Seated Calf Raise,1,104.05818775132,20,0,0,,Free is 27.2
2026-02-16 21:00:34,01 hours 06 minutes 09 seconds,,Seated Calf Raise,2,104.05818775132,20,0,0,,Free is 27.2
2026-02-18 20:40:47,01 hours 00 minutes 00 seconds,,Rowing Machine,0,0,0,1.30356864,300,,
2026-02-18 20:40:47,01 hours 00 minutes 00 seconds,,Bench Press,0,44.092452437,20,0,0,,
2026-02-18 20:40:47,01 hours 00 minutes 00 seconds,,Bench Press,1,88.184904874,12,0,0,,
2026-02-18 20:40:47,01 hours 00 minutes 00 seconds,,Bench Press,2,132.277357311,8,0,0,,
2026-02-18 20:40:47,01 hours 00 minutes 00 seconds,,Bench Press,3,132.277357311,8,0,0,,
2026-02-18 20:40:47,01 hours 00 minutes 00 seconds,,Bench Press,4,132.277357311,8,0,0,,
2026-02-18 20:40:47,01 hours 00 minutes 00 seconds,,Incline Dumbbell Bench Press,0,44.092452437,10,0,0,,
2026-02-18 20:40:47,01 hours 00 minutes 00 seconds,,Incline Dumbbell Bench Press,1,44.092452437,10,0,0,,
2026-02-18 20:40:47,01 hours 00 minutes 00 seconds,,Incline Dumbbell Bench Press,2,44.092452437,8,0,0,,
2026-02-18 20:40:47,01 hours 00 minutes 00 seconds,,Seated Dumbbell Shoulder Press,0,30.8647167059,11,0,0,,
2026-02-18 20:40:47,01 hours 00 minutes 00 seconds,,Seated Dumbbell Shoulder Press,1,30.8647167059,12,0,0,,
2026-02-18 20:40:47,01 hours 00 minutes 00 seconds,,Seated Dumbbell Shoulder Press,2,30.8647167059,12,0,0,,
2026-02-18 20:40:47,01 hours 00 minutes 00 seconds,,Dumbbell Lateral Raise,0,13.2277357311,15,0,0,,"I used one dumbbell and didn’t do any rest (almost) between sets "
2026-02-18 20:40:47,01 hours 00 minutes 00 seconds,,Dumbbell Lateral Raise,1,13.2277357311,15,0,0,,"I used one dumbbell and didn’t do any rest (almost) between sets "
2026-02-18 20:40:47,01 hours 00 minutes 00 seconds,,Dumbbell Lateral Raise,2,13.2277357311,15,0,0,,"I used one dumbbell and didn’t do any rest (almost) between sets "
2026-02-18 20:40:47,01 hours 00 minutes 00 seconds,,Dumbbell Lateral Raise,3,13.2277357311,10,0,0,,"I used one dumbbell and didn’t do any rest (almost) between sets "
2026-02-18 20:40:47,01 hours 00 minutes 00 seconds,,Tricep Rope Pushdown,0,35.935348736155,14,0,0,,
2026-02-18 20:40:47,01 hours 00 minutes 00 seconds,,Tricep Rope Pushdown,1,35.935348736155,12,0,0,,
2026-02-18 20:40:47,01 hours 00 minutes 00 seconds,,Tricep Rope Pushdown,2,35.935348736155,6,0,0,,
2026-02-18 20:40:47,01 hours 00 minutes 00 seconds,,Tricep Rope Pushdown,3,30.42379218153,6,0,0,,
2026-02-18 20:40:47,01 hours 00 minutes 00 seconds,,Tricep Rope Pushdown,4,24.912235626905,6,0,0,,
2026-02-18 20:40:47,01 hours 00 minutes 00 seconds,,Tricep Rope Pushdown,5,19.40067907228,6,0,0,,
2026-02-18 20:40:47,01 hours 00 minutes 00 seconds,,Tricep Rope Pushdown,6,13.889122517655,6,0,0,,
2026-02-21 14:51:59,01 hours 16 minutes 32 seconds,,Rowing Machine,0,0,0,1.30356864,300,,
2026-02-21 14:51:59,01 hours 16 minutes 32 seconds,,Pull Ups,0,0,5,0,0,,
2026-02-21 14:51:59,01 hours 16 minutes 32 seconds,,Pull Ups,1,0,4,0,0,,
2026-02-21 14:51:59,01 hours 16 minutes 32 seconds,,Pull Ups,2,0,4,0,0,,
2026-02-21 14:51:59,01 hours 16 minutes 32 seconds,,Pull Ups,3,0,3,0,0,,
2026-02-21 14:51:59,01 hours 16 minutes 32 seconds,,Deadlift,0,44.092452437,20,0,0,,
2026-02-21 14:51:59,01 hours 16 minutes 32 seconds,,Deadlift,1,110.2311310925,12,0,0,,
2026-02-21 14:51:59,01 hours 16 minutes 32 seconds,,Deadlift,2,176.369809748,8,0,0,,
2026-02-21 14:51:59,01 hours 16 minutes 32 seconds,,Deadlift,3,176.369809748,8,0,0,,
2026-02-21 14:51:59,01 hours 16 minutes 32 seconds,,Deadlift,4,176.369809748,8,0,0,,
2026-02-21 14:51:59,01 hours 16 minutes 32 seconds,,Seated Cable Row,0,50.70632030255,12,0,0,,
2026-02-21 14:51:59,01 hours 16 minutes 32 seconds,,Seated Cable Row,1,50.70632030255,12,0,0,,
2026-02-21 14:51:59,01 hours 16 minutes 32 seconds,,Seated Cable Row,2,50.70632030255,13,0,0,,
2026-02-21 14:51:59,01 hours 16 minutes 32 seconds,,Iso-Lateral High Row,0,66.1386786555,12,0,0,,
2026-02-21 14:51:59,01 hours 16 minutes 32 seconds,,Iso-Lateral High Row,1,66.1386786555,12,0,0,,
2026-02-21 14:51:59,01 hours 16 minutes 32 seconds,,Iso-Lateral High Row,2,66.1386786555,12,0,0,,
2026-02-21 14:51:59,01 hours 16 minutes 32 seconds,,EZ Bar Curl,0,49.604008991625,15,0,0,,"25 was in the edge. The bar might be 12.5, not 10. So it was even 27.5"
2026-02-21 14:51:59,01 hours 16 minutes 32 seconds,,EZ Bar Curl,1,49.604008991625,15,0,0,,"25 was in the edge. The bar might be 12.5, not 10. So it was even 27.5"
2026-02-21 14:51:59,01 hours 16 minutes 32 seconds,,EZ Bar Curl,2,49.604008991625,15,0,0,,"25 was in the edge. The bar might be 12.5, not 10. So it was even 27.5"
2026-02-23 20:59:58,01 hours 25 minutes 40 seconds,,Face to wall handstand (45),0,0,0,0,30,,
2026-02-23 20:59:58,01 hours 25 minutes 40 seconds,,Face to wall handstand (45),1,0,0,0,30,,
2026-02-23 20:59:58,01 hours 25 minutes 40 seconds,,Face to wall handstand (45),2,0,0,0,30,,
2026-02-23 20:59:58,01 hours 25 minutes 40 seconds,,Face to wall handstand (45),3,0,0,0,30,,
2026-02-23 20:59:58,01 hours 25 minutes 40 seconds,,Incline Push Ups,0,0,10,0,0,,
2026-02-23 20:59:58,01 hours 25 minutes 40 seconds,,Incline Push Ups,1,0,10,0,0,,
2026-02-23 20:59:58,01 hours 25 minutes 40 seconds,,Incline Push Ups,2,0,10,0,0,,
2026-02-23 20:59:58,01 hours 25 minutes 40 seconds,,Incline Push Ups,3,0,10,0,0,,
2026-02-23 20:59:58,01 hours 25 minutes 40 seconds,,Pike Push Ups,0,0,10,0,0,,
2026-02-23 20:59:58,01 hours 25 minutes 40 seconds,,Pike Push Ups,1,0,8,0,0,,
2026-02-23 20:59:58,01 hours 25 minutes 40 seconds,,Pike Push Ups,2,0,7,0,0,,
2026-02-23 20:59:58,01 hours 25 minutes 40 seconds,,Pike Push Ups,3,0,7,0,0,,
2026-02-23 20:59:58,01 hours 25 minutes 40 seconds,,Plank,0,0,0,0,50,,
2026-02-23 20:59:58,01 hours 25 minutes 40 seconds,,Plank,1,0,0,0,50,,
2026-02-23 20:59:58,01 hours 25 minutes 40 seconds,,Plank,2,0,0,0,50,,
2026-02-23 20:59:58,01 hours 25 minutes 40 seconds,,Plank,3,0,0,0,50,,
2026-02-23 20:59:58,01 hours 25 minutes 40 seconds,,Dips,0,0,10,0,0,,
2026-02-23 20:59:58,01 hours 25 minutes 40 seconds,,Dips,1,0,10,0,0,,
2026-02-23 20:59:58,01 hours 25 minutes 40 seconds,,Dips,2,0,10,0,0,,
2026-02-23 20:59:58,01 hours 25 minutes 40 seconds,,Dips,3,0,9,0,0,,
2026-02-25 21:01:43,01 hours 00 minutes 00 seconds,,Wrist prep,0,0,0,0,60,,
2026-02-25 21:01:43,01 hours 00 minutes 00 seconds,,Shoulders prep,0,0,0,0,60,,
2026-02-25 21:01:43,01 hours 00 minutes 00 seconds,,Core prep,0,0,0,0,0,,
2026-02-25 21:01:43,01 hours 00 minutes 00 seconds,,Bulgarian Split Squat,0,44.092452437,10,0,0,,
2026-02-25 21:01:43,01 hours 00 minutes 00 seconds,,Bulgarian Split Squat,1,66.1386786555,10,0,0,,
2026-02-25 21:01:43,01 hours 00 minutes 00 seconds,,Bulgarian Split Squat,2,88.184904874,8,0,0,,
2026-02-25 21:01:43,01 hours 00 minutes 00 seconds,,Bulgarian Split Squat,3,88.184904874,8,0,0,,
2026-02-25 21:01:43,01 hours 00 minutes 00 seconds,,Hip Thrust,0,44.092452437,10,0,0,,
2026-02-25 21:01:43,01 hours 00 minutes 00 seconds,,Hip Thrust,1,44.092452437,10,0,0,,
2026-02-25 21:01:43,01 hours 00 minutes 00 seconds,,Hanging Knee Raise,0,0,10,0,0,,
2026-02-25 21:01:43,01 hours 00 minutes 00 seconds,,Hanging Knee Raise,1,0,10,0,0,,
2026-02-25 21:01:43,01 hours 00 minutes 00 seconds,,Hanging Knee Raise,2,0,10,0,0,,
2026-02-25 21:01:43,01 hours 00 minutes 00 seconds,,Hanging Knee Raise,3,0,10,0,0,,
2026-02-25 21:01:43,01 hours 00 minutes 00 seconds,,Side Plank,0,0,0,0,0,,
2026-02-28 13:52:00,01 hours 00 minutes 03 seconds,,Wrist prep,0,0,0,0,60,,
2026-02-28 13:52:00,01 hours 00 minutes 03 seconds,,Shoulders prep,0,0,0,0,60,,
2026-02-28 13:52:00,01 hours 00 minutes 03 seconds,,Core prep,0,0,0,0,0,,
2026-02-28 13:52:00,01 hours 00 minutes 03 seconds,,Band Assisted Pull Ups,0,10,8,0,0,,
2026-02-28 13:52:00,01 hours 00 minutes 03 seconds,,Band Assisted Pull Ups,1,20,8,0,0,,
2026-02-28 13:52:00,01 hours 00 minutes 03 seconds,,Band Assisted Pull Ups,2,20,7,0,0,,
2026-02-28 13:52:00,01 hours 00 minutes 03 seconds,,Band Assisted Pull Ups,3,20,7,0,0,,
2026-02-28 13:52:00,01 hours 00 minutes 03 seconds,,Inverted Row,0,0,8,0,0,,
2026-02-28 13:52:00,01 hours 00 minutes 03 seconds,,Inverted Row,1,0,8,0,0,,
2026-02-28 13:52:00,01 hours 00 minutes 03 seconds,,Inverted Row,2,0,8,0,0,,
2026-02-28 13:52:00,01 hours 00 minutes 03 seconds,,Inverted Row,3,0,7,0,0,,
2026-02-28 13:52:00,01 hours 00 minutes 03 seconds,,Dead Hang,0,0,0,0,30,,
2026-02-28 13:52:00,01 hours 00 minutes 03 seconds,,Dead Hang,1,0,0,0,30,,
2026-02-28 13:52:00,01 hours 00 minutes 03 seconds,,Hollow hold,0,0,0,0,1800,,
2026-02-28 13:52:00,01 hours 00 minutes 03 seconds,,Hollow hold,1,0,0,0,1800,,
2026-03-02 21:17:29,01 hours 00 minutes 00 seconds,,Wrist prep,0,0,0,0,60,,"Wrist circles, wrist rocks (on all fours), palm pulses, fingertip pushups on knees "
2026-03-02 21:17:29,01 hours 00 minutes 00 seconds,,Shoulders prep,0,0,0,0,60,,"Wall slides, scapula pushups, band external rotations, plank shoulder shrugs"
2026-03-02 21:17:29,01 hours 00 minutes 00 seconds,,Core prep,0,0,0,0,0,,"Dead bug, hollow hold, glute bridge hold"
2026-03-02 21:17:29,01 hours 00 minutes 00 seconds,,Face to wall handstand (45),0,0,0,0,30,,
2026-03-02 21:17:29,01 hours 00 minutes 00 seconds,,Face to wall handstand (45),1,0,0,0,30,,
2026-03-02 21:17:29,01 hours 00 minutes 00 seconds,,Face to wall handstand (45),2,0,0,0,30,,
2026-03-02 21:17:29,01 hours 00 minutes 00 seconds,,Face to wall handstand (45),3,0,0,0,30,,
2026-03-02 21:17:29,01 hours 00 minutes 00 seconds,,Incline Push Ups,0,0,10,0,0,,"6th hole "
2026-03-02 21:17:29,01 hours 00 minutes 00 seconds,,Incline Push Ups,1,0,15,0,0,,"6th hole "
2026-03-02 21:17:29,01 hours 00 minutes 00 seconds,,Incline Push Ups,2,0,15,0,0,,"6th hole "
2026-03-02 21:17:29,01 hours 00 minutes 00 seconds,,Incline Push Ups,3,0,15,0,0,,"6th hole "
2026-03-02 21:17:29,01 hours 00 minutes 00 seconds,,Pike Push Ups,0,0,4,0,0,,
2026-03-02 21:17:29,01 hours 00 minutes 00 seconds,,Pike Push Ups,1,0,6,0,0,,
2026-03-02 21:17:29,01 hours 00 minutes 00 seconds,,Pike Push Ups,2,0,6,0,0,,
2026-03-02 21:17:29,01 hours 00 minutes 00 seconds,,Pike Push Ups,3,0,6,0,0,,
2026-03-02 21:17:29,01 hours 00 minutes 00 seconds,,Plank,0,0,0,0,50,,
2026-03-02 21:17:29,01 hours 00 minutes 00 seconds,,Plank,1,0,0,0,50,,
2026-03-02 21:17:29,01 hours 00 minutes 00 seconds,,Plank,2,0,0,0,50,,
2026-03-02 21:17:29,01 hours 00 minutes 00 seconds,,Plank,3,0,0,0,50,,
2026-03-02 21:17:29,01 hours 00 minutes 00 seconds,,Dips,0,0,11,0,0,,
2026-03-02 21:17:29,01 hours 00 minutes 00 seconds,,Dips,1,0,6,0,0,,
2026-03-02 21:17:29,01 hours 00 minutes 00 seconds,,Dips,2,0,4,0,0,,
2026-03-02 21:17:29,01 hours 00 minutes 00 seconds,,Dips,3,0,9,0,0,,
2026-03-03 21:14:58,01 hours 00 minutes 00 seconds,,Wrist prep,0,0,0,0,60,,
2026-03-03 21:14:58,01 hours 00 minutes 00 seconds,,Shoulders prep,0,0,0,0,60,,
2026-03-03 21:14:58,01 hours 00 minutes 00 seconds,,Core prep,0,0,0,0,0,,
2026-03-03 21:14:58,01 hours 00 minutes 00 seconds,,Walking Lunge,0,52.9109429244,16,0,0,,
2026-03-03 21:14:58,01 hours 00 minutes 00 seconds,,Walking Lunge,1,52.9109429244,16,0,0,,
2026-03-03 21:14:58,01 hours 00 minutes 00 seconds,,Walking Lunge,2,52.9109429244,16,0,0,,
2026-03-03 21:14:58,01 hours 00 minutes 00 seconds,,Dumbbell Romanian Deadlift,0,35.2739619496,16,0,0,,
2026-03-03 21:14:58,01 hours 00 minutes 00 seconds,,Dumbbell Romanian Deadlift,1,35.2739619496,16,0,0,,
2026-03-03 21:14:58,01 hours 00 minutes 00 seconds,,Dumbbell Romanian Deadlift,2,35.2739619496,16,0,0,,
2026-03-03 21:14:58,01 hours 00 minutes 00 seconds,,Dumbbell Romanian Deadlift,3,35.2739619496,16,0,0,,
2026-03-03 21:14:58,01 hours 00 minutes 00 seconds,,Hanging Knee Raise,0,0,10,0,0,,
2026-03-03 21:14:58,01 hours 00 minutes 00 seconds,,Hanging Knee Raise,1,0,10,0,0,,
2026-03-03 21:14:58,01 hours 00 minutes 00 seconds,,Hanging Knee Raise,2,0,10,0,0,,
2026-03-03 21:14:58,01 hours 00 minutes 00 seconds,,Hanging Knee Raise,3,0,10,0,0,,
2026-03-03 21:14:58,01 hours 00 minutes 00 seconds,,Side Plank,0,0,0,0,45,,
2026-03-03 21:14:58,01 hours 00 minutes 00 seconds,,Side Plank,1,0,0,0,45,,
2026-03-03 21:14:58,01 hours 00 minutes 00 seconds,,Side Plank,2,0,0,0,45,,
2026-03-05 21:40:11,01 hours 00 minutes 00 seconds,,Wrist prep,0,0,0,0,60,,
2026-03-05 21:40:11,01 hours 00 minutes 00 seconds,,Shoulders prep,0,0,0,0,60,,
2026-03-05 21:40:11,01 hours 00 minutes 00 seconds,,Core prep,0,0,0,0,0,,
2026-03-05 21:40:11,01 hours 00 minutes 00 seconds,,Band Assisted Pull Ups,0,10,8,0,0,,
2026-03-05 21:40:11,01 hours 00 minutes 00 seconds,,Band Assisted Pull Ups,1,20,6,0,0,,
2026-03-05 21:40:11,01 hours 00 minutes 00 seconds,,Band Assisted Pull Ups,2,20,6,0,0,,
2026-03-05 21:40:11,01 hours 00 minutes 00 seconds,,Band Assisted Pull Ups,3,20,7,0,0,,
2026-03-05 21:40:11,01 hours 00 minutes 00 seconds,,Inverted Row,0,0,7,0,0,,
2026-03-05 21:40:11,01 hours 00 minutes 00 seconds,,Inverted Row,1,0,7,0,0,,
2026-03-05 21:40:11,01 hours 00 minutes 00 seconds,,Inverted Row,2,0,6,0,0,,
2026-03-05 21:40:11,01 hours 00 minutes 00 seconds,,Inverted Row,3,0,7,0,0,,
2026-03-05 21:40:11,01 hours 00 minutes 00 seconds,,Dead Hang,0,0,0,0,30,,
2026-03-05 21:40:11,01 hours 00 minutes 00 seconds,,Dead Hang,1,0,0,0,30,,
2026-03-05 21:40:11,01 hours 00 minutes 00 seconds,,Hollow hold,0,0,0,0,1800,,
2026-03-05 21:40:11,01 hours 00 minutes 00 seconds,,Hollow hold,1,0,0,0,1800,,
2026-03-08 13:27:43,00 hours 55 minutes 13 seconds,,Wrist prep,0,0,0,0,60,,
2026-03-08 13:27:43,00 hours 55 minutes 13 seconds,,Shoulders prep,0,0,0,0,60,,
2026-03-08 13:27:43,00 hours 55 minutes 13 seconds,,Pseudo Planche Push Ups,0,0,8,0,0,,
2026-03-08 13:27:43,00 hours 55 minutes 13 seconds,,Pseudo Planche Push Ups,1,0,8,0,0,,
2026-03-08 13:27:43,00 hours 55 minutes 13 seconds,,Pseudo Planche Push Ups,2,0,8,0,0,,
2026-03-08 13:27:43,00 hours 55 minutes 13 seconds,,Pseudo Planche Push Ups,3,0,8,0,0,,
2026-03-08 13:27:43,00 hours 55 minutes 13 seconds,,Face to wall handstand (45),0,0,0,0,1200,,
2026-03-08 13:27:43,00 hours 55 minutes 13 seconds,,Face to wall handstand (45),1,0,0,0,1200,,
2026-03-08 13:27:43,00 hours 55 minutes 13 seconds,,Face to wall handstand (45),2,0,0,0,1200,,
2026-03-08 13:27:43,00 hours 55 minutes 13 seconds,,Face to wall handstand (45),3,0,0,0,1200,,
2026-03-08 13:27:43,00 hours 55 minutes 13 seconds,,Hanging Leg Raise,0,0,10,0,0,,
2026-03-08 13:27:43,00 hours 55 minutes 13 seconds,,Hanging Leg Raise,1,0,10,0,0,,
2026-03-08 13:27:43,00 hours 55 minutes 13 seconds,,Hanging Leg Raise,2,0,10,0,0,,
2026-03-08 13:27:43,00 hours 55 minutes 13 seconds,,Hollow hold,0,0,0,0,1800,,
2026-03-08 13:27:43,00 hours 55 minutes 13 seconds,,Hollow hold,1,0,0,0,1800,,
2026-03-08 13:27:43,00 hours 55 minutes 13 seconds,,Hollow hold,2,0,0,0,1800,,
2026-03-08 13:27:43,00 hours 55 minutes 13 seconds,,Pull Ups,0,0,5,0,0,,
2026-03-08 13:27:43,00 hours 55 minutes 13 seconds,,Pull Ups,1,0,4,0,0,,
2026-03-08 13:27:43,00 hours 55 minutes 13 seconds,,Pull Ups,2,0,4,0,0,,
2026-03-10 21:06:55,00 hours 58 minutes 08 seconds,,Wrist prep,0,0,0,0,60,,"Wrist circles, wrist rocks (on all fours), palm pulses, fingertip pushups on knees "
2026-03-10 21:06:55,00 hours 58 minutes 08 seconds,,Shoulders prep,0,0,0,0,60,,"Wall slides, scapula pushups, band external rotations, plank shoulder shrugs"
2026-03-10 21:06:55,00 hours 58 minutes 08 seconds,,Core prep,0,0,0,0,0,,"Dead bug, hollow hold, glute bridge hold"
2026-03-10 21:06:55,00 hours 58 minutes 08 seconds,,Face to wall handstand (45),0,0,0,0,30,,
2026-03-10 21:06:55,00 hours 58 minutes 08 seconds,,Face to wall handstand (45),1,0,0,0,30,,
2026-03-10 21:06:55,00 hours 58 minutes 08 seconds,,Face to wall handstand (45),2,0,0,0,30,,
2026-03-10 21:06:55,00 hours 58 minutes 08 seconds,,Face to wall handstand (45),3,0,0,0,30,,
2026-03-10 21:06:55,00 hours 58 minutes 08 seconds,,Pike Push Ups,0,0,6,0,0,,
2026-03-10 21:06:55,00 hours 58 minutes 08 seconds,,Pike Push Ups,1,0,5,0,0,,
2026-03-10 21:06:55,00 hours 58 minutes 08 seconds,,Pike Push Ups,2,0,5,0,0,,
2026-03-10 21:06:55,00 hours 58 minutes 08 seconds,,Pike Push Ups,3,0,5,0,0,,
2026-03-10 21:06:55,00 hours 58 minutes 08 seconds,,Pike Push Ups,4,0,6,0,0,,
2026-03-10 21:06:55,00 hours 58 minutes 08 seconds,,Pike Push Ups,5,0,6,0,0,,
2026-03-10 21:06:55,00 hours 58 minutes 08 seconds,,Pike Push Ups,6,0,6,0,0,,
2026-03-10 21:06:55,00 hours 58 minutes 08 seconds,,Pike Push Ups,7,0,6,0,0,,
2026-03-10 21:06:55,00 hours 58 minutes 08 seconds,,Incline Push Ups,0,0,10,0,0,,"6th hole "
2026-03-10 21:06:55,00 hours 58 minutes 08 seconds,,Incline Push Ups,1,0,12,0,0,,"6th hole "
2026-03-10 21:06:55,00 hours 58 minutes 08 seconds,,Incline Push Ups,2,0,12,0,0,,"6th hole "
2026-03-10 21:06:55,00 hours 58 minutes 08 seconds,,Incline Push Ups,3,0,12,0,0,,"6th hole "
2026-03-10 21:06:55,00 hours 58 minutes 08 seconds,,Dips,0,0,10,0,0,,
2026-03-10 21:06:55,00 hours 58 minutes 08 seconds,,Dips,1,0,9,0,0,,
2026-03-10 21:06:55,00 hours 58 minutes 08 seconds,,Dips,2,0,10,0,0,,
2026-03-10 21:06:55,00 hours 58 minutes 08 seconds,,Dips,3,0,9,0,0,,
2026-03-10 21:06:55,00 hours 58 minutes 08 seconds,,Plank,0,0,0,0,55,,
2026-03-10 21:06:55,00 hours 58 minutes 08 seconds,,Plank,1,0,0,0,55,,
2026-03-10 21:06:55,00 hours 58 minutes 08 seconds,,Plank,2,0,0,0,55,,
2026-03-10 21:06:55,00 hours 58 minutes 08 seconds,,Plank,3,0,0,0,55,,
2026-03-11 21:17:35,01 hours 00 minutes 00 seconds,,Wrist prep,0,0,0,0,60,,"Wrist circles, wrist rocks (on all fours), palm pulses, fingertip pushups on knees "
2026-03-11 21:17:35,01 hours 00 minutes 00 seconds,,Shoulders prep,0,0,0,0,60,,"Wall slides, scapula pushups, band external rotations, plank shoulder shrugs"
2026-03-11 21:17:35,01 hours 00 minutes 00 seconds,,Core prep,0,0,0,0,0,,"Dead bug, hollow hold, glute bridge hold"
2026-03-11 21:17:35,01 hours 00 minutes 00 seconds,,Walking Lunge,0,52.9109429244,16,0,0,,
2026-03-11 21:17:35,01 hours 00 minutes 00 seconds,,Walking Lunge,1,52.9109429244,16,0,0,,
2026-03-11 21:17:35,01 hours 00 minutes 00 seconds,,Walking Lunge,2,52.9109429244,16,0,0,,
2026-03-11 21:17:35,01 hours 00 minutes 00 seconds,,Dumbbell Romanian Deadlift,0,35.2739619496,16,0,0,,
2026-03-11 21:17:35,01 hours 00 minutes 00 seconds,,Dumbbell Romanian Deadlift,1,52.9109429244,15,0,0,,
2026-03-11 21:17:35,01 hours 00 minutes 00 seconds,,Dumbbell Romanian Deadlift,2,52.9109429244,15,0,0,,
2026-03-11 21:17:35,01 hours 00 minutes 00 seconds,,Dumbbell Romanian Deadlift,3,35.2739619496,16,0,0,,
2026-03-11 21:17:35,01 hours 00 minutes 00 seconds,,Hanging Knee Raise,0,0,12,0,0,,
2026-03-11 21:17:35,01 hours 00 minutes 00 seconds,,Hanging Knee Raise,1,0,12,0,0,,
2026-03-11 21:17:35,01 hours 00 minutes 00 seconds,,Hanging Knee Raise,2,0,12,0,0,,
2026-03-11 21:17:35,01 hours 00 minutes 00 seconds,,Hanging Knee Raise,3,0,10,0,0,,
2026-03-11 21:17:35,01 hours 00 minutes 00 seconds,,Side Plank,0,0,0,0,50,,
2026-03-11 21:17:35,01 hours 00 minutes 00 seconds,,Side Plank,1,0,0,0,50,,
2026-03-11 21:17:35,01 hours 00 minutes 00 seconds,,Side Plank,2,0,0,0,50,,
2026-03-13 20:29:58,01 hours 17 minutes 39 seconds,,Wrist prep,0,0,0,0,420,,
2026-03-13 20:29:58,01 hours 17 minutes 39 seconds,,Shoulders prep,0,0,0,0,420,,
2026-03-13 20:29:58,01 hours 17 minutes 39 seconds,,Core prep,0,0,0,0,0,,
2026-03-13 20:29:58,01 hours 17 minutes 39 seconds,,Band Assisted Pull Ups,0,0,8,0,0,,
2026-03-13 20:29:58,01 hours 17 minutes 39 seconds,,Band Assisted Pull Ups,1,20,8,0,0,,
2026-03-13 20:29:58,01 hours 17 minutes 39 seconds,,Band Assisted Pull Ups,2,20,8,0,0,,
2026-03-13 20:29:58,01 hours 17 minutes 39 seconds,,Band Assisted Pull Ups,3,20,7,0,0,,
2026-03-13 20:29:58,01 hours 17 minutes 39 seconds,,Inverted Row,0,0,8,0,0,,9th hole
2026-03-13 20:29:58,01 hours 17 minutes 39 seconds,,Inverted Row,1,0,10,0,0,,9th hole
2026-03-13 20:29:58,01 hours 17 minutes 39 seconds,,Inverted Row,2,0,12,0,0,,9th hole
2026-03-13 20:29:58,01 hours 17 minutes 39 seconds,,Inverted Row,3,0,11,0,0,,9th hole
2026-03-13 20:29:58,01 hours 17 minutes 39 seconds,,Dead Hang,0,0,0,0,45,,
2026-03-13 20:29:58,01 hours 17 minutes 39 seconds,,Dead Hang,1,0,0,0,45,,
2026-03-13 20:29:58,01 hours 17 minutes 39 seconds,,Dead Hang,2,0,0,0,45,,
2026-03-13 20:29:58,01 hours 17 minutes 39 seconds,,Hollow hold,0,0,0,0,1800,,
2026-03-13 20:29:58,01 hours 17 minutes 39 seconds,,Hollow hold,1,0,0,0,1800,,
2026-03-16 20:55:44,01 hours 25 minutes 41 seconds,,Wrist prep,0,0,0,0,420,,"Wrist circles, wrist rocks (on all fours), palm pulses, fingertip pushups on knees "
2026-03-16 20:55:44,01 hours 25 minutes 41 seconds,,Shoulders prep,0,0,0,0,420,,"Wall slides, scapula pushups, band external rotations, plank shoulder shrugs"
2026-03-16 20:55:44,01 hours 25 minutes 41 seconds,,Core prep,0,0,0,0,0,,"Dead bug, hollow hold, glute bridge hold"
2026-03-16 20:55:44,01 hours 25 minutes 41 seconds,,Face to wall handstand (45),0,0,0,0,30,,
2026-03-16 20:55:44,01 hours 25 minutes 41 seconds,,Face to wall handstand (45),1,0,0,0,30,,
2026-03-16 20:55:44,01 hours 25 minutes 41 seconds,,Face to wall handstand (45),2,0,0,0,30,,
2026-03-16 20:55:44,01 hours 25 minutes 41 seconds,,Face to wall handstand (45),3,0,0,0,30,,
2026-03-16 20:55:44,01 hours 25 minutes 41 seconds,,Pike Push Ups,0,0,7,0,0,,
2026-03-16 20:55:44,01 hours 25 minutes 41 seconds,,Pike Push Ups,1,0,6,0,0,,
2026-03-16 20:55:44,01 hours 25 minutes 41 seconds,,Pike Push Ups,2,0,5,0,0,,
2026-03-16 20:55:44,01 hours 25 minutes 41 seconds,,Pike Push Ups,3,0,5,0,0,,
2026-03-16 20:55:44,01 hours 25 minutes 41 seconds,,Pike Push Ups,4,0,6,0,0,,
2026-03-16 20:55:44,01 hours 25 minutes 41 seconds,,Pike Push Ups,5,0,6,0,0,,
2026-03-16 20:55:44,01 hours 25 minutes 41 seconds,,Pike Push Ups,6,0,4,0,0,,
2026-03-16 20:55:44,01 hours 25 minutes 41 seconds,,Pike Push Ups,7,0,6,0,0,,
2026-03-16 20:55:44,01 hours 25 minutes 41 seconds,,Dips,0,0,8,0,0,,
2026-03-16 20:55:44,01 hours 25 minutes 41 seconds,,Dips,1,0,9,0,0,,
2026-03-16 20:55:44,01 hours 25 minutes 41 seconds,,Dips,2,0,10,0,0,,
2026-03-16 20:55:44,01 hours 25 minutes 41 seconds,,Dips,3,0,10,0,0,,
2026-03-16 20:55:44,01 hours 25 minutes 41 seconds,,Plank,0,0,0,0,55,,
2026-03-16 20:55:44,01 hours 25 minutes 41 seconds,,Plank,1,0,0,0,55,,
2026-03-16 20:55:44,01 hours 25 minutes 41 seconds,,Plank,2,0,0,0,55,,
2026-03-16 20:55:44,01 hours 25 minutes 41 seconds,,Plank,3,0,0,0,55,,
2026-03-18 21:25:31,01 hours 00 minutes 00 seconds,,Wrist prep,0,0,0,0,420,,
2026-03-18 21:25:31,01 hours 00 minutes 00 seconds,,Shoulders prep,0,0,0,0,420,,
2026-03-18 21:25:31,01 hours 00 minutes 00 seconds,,Squat,0,44.092452437,20,0,0,,It was deep !
2026-03-18 21:25:31,01 hours 00 minutes 00 seconds,,Squat,1,88.184904874,15,0,0,,It was deep !
2026-03-18 21:25:31,01 hours 00 minutes 00 seconds,,Squat,2,110.2311310925,12,0,0,,It was deep !
2026-03-18 21:25:31,01 hours 00 minutes 00 seconds,,Squat,3,132.277357311,10,0,0,,It was deep !
2026-03-18 21:25:31,01 hours 00 minutes 00 seconds,,Squat,4,132.277357311,10,0,0,,It was deep !
2026-03-18 21:25:31,01 hours 00 minutes 00 seconds,,Dumbbell Deadlift,0,44.092452437,15,0,0,,
2026-03-18 21:25:31,01 hours 00 minutes 00 seconds,,Dumbbell Deadlift,1,44.092452437,15,0,0,,
2026-03-18 21:25:31,01 hours 00 minutes 00 seconds,,Dumbbell Deadlift,2,44.092452437,15,0,0,,
2026-03-18 21:25:31,01 hours 00 minutes 00 seconds,,Sled Leg Press,0,381.39971358005,12,0,0,,"In Vit gym, prob rack is 0"
2026-03-18 21:25:31,01 hours 00 minutes 00 seconds,,Sled Leg Press,1,447.53839223555,12,0,0,,"In Vit gym, prob rack is 0"
2026-03-18 21:25:31,01 hours 00 minutes 00 seconds,,Sled Leg Press,2,447.53839223555,12,0,0,,"In Vit gym, prob rack is 0"
2026-03-18 21:25:31,01 hours 00 minutes 00 seconds,,Sled Leg Press,3,447.53839223555,12,0,0,,"In Vit gym, prob rack is 0"
2026-03-18 21:25:31,01 hours 00 minutes 00 seconds,,Seated Calf Raise,0,104.05818775132,20,0,0,,Free is 27.2
2026-03-18 21:25:31,01 hours 00 minutes 00 seconds,,Seated Calf Raise,1,104.05818775132,20,0,0,,Free is 27.2
2026-03-18 21:25:31,01 hours 00 minutes 00 seconds,,Seated Calf Raise,2,104.05818775132,20,0,0,,Free is 27.2
2026-03-21 13:29:26,01 hours 01 minutes 45 seconds,,Wrist prep,0,0,0,0,420,,
2026-03-21 13:29:26,01 hours 01 minutes 45 seconds,,Shoulders prep,0,0,0,0,420,,
2026-03-21 13:29:26,01 hours 01 minutes 45 seconds,,Core prep,0,0,0,0,0,,
2026-03-21 13:29:26,01 hours 01 minutes 45 seconds,,Band Assisted Pull Ups,0,0,8,0,0,,
2026-03-21 13:29:26,01 hours 01 minutes 45 seconds,,Band Assisted Pull Ups,1,0,5,0,0,,
2026-03-21 13:29:26,01 hours 01 minutes 45 seconds,,Band Assisted Pull Ups,2,20,6,0,0,,
2026-03-21 13:29:26,01 hours 01 minutes 45 seconds,,Band Assisted Pull Ups,3,20,7,0,0,,
2026-03-21 13:29:26,01 hours 01 minutes 45 seconds,,Band Assisted Pull Ups,4,20,6,0,0,,
2026-03-21 13:29:26,01 hours 01 minutes 45 seconds,,Inverted Row,0,0,8,0,0,,9th hole
2026-03-21 13:29:26,01 hours 01 minutes 45 seconds,,Inverted Row,1,0,8,0,0,,9th hole
2026-03-21 13:29:26,01 hours 01 minutes 45 seconds,,Inverted Row,2,0,8,0,0,,9th hole
2026-03-21 13:29:26,01 hours 01 minutes 45 seconds,,Inverted Row,3,0,9,0,0,,9th hole
2026-03-21 13:29:26,01 hours 01 minutes 45 seconds,,Dead Hang,0,0,0,0,60,,
2026-03-21 13:29:26,01 hours 01 minutes 45 seconds,,Dead Hang,1,0,0,0,60,,
2026-03-21 13:29:26,01 hours 01 minutes 45 seconds,,Dead Hang,2,0,0,0,60,,
2026-03-21 13:29:26,01 hours 01 minutes 45 seconds,,Hollow hold,0,0,0,0,55,,
2026-03-21 13:29:26,01 hours 01 minutes 45 seconds,,Hollow hold,1,0,0,0,55,,
2026-03-21 13:29:26,01 hours 01 minutes 45 seconds,,Hollow hold,2,0,0,0,55,,
2026-03-21 13:29:26,01 hours 01 minutes 45 seconds,,Dumbbell Curl,0,22.0462262185,12,0,0,,
2026-03-21 13:29:26,01 hours 01 minutes 45 seconds,,Dumbbell Curl,1,22.0462262185,12,0,0,,
2026-03-21 13:29:26,01 hours 01 minutes 45 seconds,,Dumbbell Curl,2,22.0462262185,12,0,0,,
2026-03-22 14:43:38,00 hours 30 minutes 00 seconds,,Running,0,0,0,4.828032,1800,,
2026-03-23 21:26:11,01 hours 00 minutes 00 seconds,,Wrist prep,0,0,0,0,420,,"Wrist circles, wrist rocks (on all fours), palm pulses, fingertip pushups on knees "
2026-03-23 21:26:11,01 hours 00 minutes 00 seconds,,Shoulders prep,0,0,0,0,420,,"Wall slides, scapula pushups, band external rotations, plank shoulder shrugs"
2026-03-23 21:26:11,01 hours 00 minutes 00 seconds,,Core prep,0,0,0,0,0,,"Dead bug, hollow hold, glute bridge hold"
2026-03-23 21:26:11,01 hours 00 minutes 00 seconds,,Face to wall handstand (45),0,0,0,0,30,,
2026-03-23 21:26:11,01 hours 00 minutes 00 seconds,,Face to wall handstand (45),1,0,0,0,30,,
2026-03-23 21:26:11,01 hours 00 minutes 00 seconds,,Face to wall handstand (45),2,0,0,0,30,,
2026-03-23 21:26:11,01 hours 00 minutes 00 seconds,,Face to wall handstand (45),3,0,0,0,30,,
2026-03-23 21:26:11,01 hours 00 minutes 00 seconds,,Pike Push Ups,0,0,8,0,0,,
2026-03-23 21:26:11,01 hours 00 minutes 00 seconds,,Pike Push Ups,1,0,7,0,0,,
2026-03-23 21:26:11,01 hours 00 minutes 00 seconds,,Pike Push Ups,2,0,6,0,0,,
2026-03-23 21:26:11,01 hours 00 minutes 00 seconds,,Pike Push Ups,3,0,8,0,0,,
2026-03-23 21:26:11,01 hours 00 minutes 00 seconds,,Pike Push Ups,4,0,8,0,0,,
2026-03-23 21:26:11,01 hours 00 minutes 00 seconds,,Pike Push Ups,5,0,8,0,0,,
2026-03-23 21:26:11,01 hours 00 minutes 00 seconds,,Dips,0,0,8,0,0,,
2026-03-23 21:26:11,01 hours 00 minutes 00 seconds,,Dips,1,0,10,0,0,,
2026-03-23 21:26:11,01 hours 00 minutes 00 seconds,,Dips,2,0,10,0,0,,
2026-03-23 21:26:11,01 hours 00 minutes 00 seconds,,Dips,3,0,9,0,0,,
2026-03-23 21:26:11,01 hours 00 minutes 00 seconds,,Plank,0,0,0,0,55,,
2026-03-23 21:26:11,01 hours 00 minutes 00 seconds,,Plank,1,0,0,0,55,,
2026-03-23 21:26:11,01 hours 00 minutes 00 seconds,,Plank,2,0,0,0,55,,
2026-03-23 21:26:11,01 hours 00 minutes 00 seconds,,Plank,3,0,0,0,55,,
2026-03-26 07:45:45,00 hours 25 minutes 00 seconds,,Pike Push Ups,0,0,8,0,0,,
2026-03-26 07:45:45,00 hours 25 minutes 00 seconds,,Pike Push Ups,1,0,8,0,0,,
2026-03-26 07:45:45,00 hours 25 minutes 00 seconds,,Pike Push Ups,2,0,8,0,0,,
2026-03-26 07:45:45,00 hours 25 minutes 00 seconds,,Pike Push Ups,3,0,5,0,0,,
2026-03-31 21:26:56,01 hours 47 minutes 09 seconds,,Wrist prep,0,0,0,0,420,,"Wrist circles, wrist rocks (on all fours), palm pulses, fingertip pushups on knees "
2026-03-31 21:26:56,01 hours 47 minutes 09 seconds,,Shoulders prep,0,0,0,0,420,,"Wall slides, scapula pushups, band external rotations, plank shoulder shrugs"
2026-03-31 21:26:56,01 hours 47 minutes 09 seconds,,Core prep,0,0,0,0,0,,"Dead bug, hollow hold, glute bridge hold"
2026-03-31 21:26:56,01 hours 47 minutes 09 seconds,,Face to wall handstand (45),0,0,0,0,30,,
2026-03-31 21:26:56,01 hours 47 minutes 09 seconds,,Face to wall handstand (45),1,0,0,0,30,,
2026-03-31 21:26:56,01 hours 47 minutes 09 seconds,,Face to wall handstand (45),2,0,0,0,30,,
2026-03-31 21:26:56,01 hours 47 minutes 09 seconds,,Face to wall handstand (45),3,0,0,0,30,,
2026-03-31 21:26:56,01 hours 47 minutes 09 seconds,,Pike Push Ups,0,0,6,0,0,,
2026-03-31 21:26:56,01 hours 47 minutes 09 seconds,,Pike Push Ups,1,0,7,0,0,,
2026-03-31 21:26:56,01 hours 47 minutes 09 seconds,,Pike Push Ups,2,0,6,0,0,,
2026-03-31 21:26:56,01 hours 47 minutes 09 seconds,,Pike Push Ups,3,0,6,0,0,,
2026-03-31 21:26:56,01 hours 47 minutes 09 seconds,,Pike Push Ups,4,0,8,0,0,,
2026-03-31 21:26:56,01 hours 47 minutes 09 seconds,,Pike Push Ups,5,0,8,0,0,,
2026-03-31 21:26:56,01 hours 47 minutes 09 seconds,,Pike Push Ups,6,0,8,0,0,,
2026-03-31 21:26:56,01 hours 47 minutes 09 seconds,,Dips,0,0,8,0,0,,
2026-03-31 21:26:56,01 hours 47 minutes 09 seconds,,Dips,1,0,9,0,0,,
2026-03-31 21:26:56,01 hours 47 minutes 09 seconds,,Dips,2,0,10,0,0,,
2026-03-31 21:26:56,01 hours 47 minutes 09 seconds,,Dips,3,0,9,0,0,,
2026-03-31 21:26:56,01 hours 47 minutes 09 seconds,,Plank,0,0,0,0,60,,
2026-03-31 21:26:56,01 hours 47 minutes 09 seconds,,Plank,1,0,0,0,60,,
2026-03-31 21:26:56,01 hours 47 minutes 09 seconds,,Plank,2,0,0,0,55,,
2026-03-31 21:26:56,01 hours 47 minutes 09 seconds,,Plank,3,0,0,0,55,,
2026-04-02 21:38:34,01 hours 00 minutes 00 seconds,,Wrist prep,0,0,0,0,420,,
2026-04-02 21:38:34,01 hours 00 minutes 00 seconds,,Shoulders prep,0,0,0,0,420,,
2026-04-02 21:38:34,01 hours 00 minutes 00 seconds,,Core prep,0,0,0,0,0,,
2026-04-02 21:38:34,01 hours 00 minutes 00 seconds,,Band Assisted Pull Ups,0,0,8,0,0,,
2026-04-02 21:38:34,01 hours 00 minutes 00 seconds,,Band Assisted Pull Ups,1,0,6,0,0,,
2026-04-02 21:38:34,01 hours 00 minutes 00 seconds,,Band Assisted Pull Ups,2,20,8,0,0,,
2026-04-02 21:38:34,01 hours 00 minutes 00 seconds,,Band Assisted Pull Ups,3,20,6,0,0,,
2026-04-02 21:38:34,01 hours 00 minutes 00 seconds,,Band Assisted Pull Ups,4,20,6,0,0,,
2026-04-02 21:38:34,01 hours 00 minutes 00 seconds,,Inverted Row,0,0,8,0,0,,9th hole
2026-04-02 21:38:34,01 hours 00 minutes 00 seconds,,Inverted Row,1,0,8,0,0,,9th hole
2026-04-02 21:38:34,01 hours 00 minutes 00 seconds,,Inverted Row,2,0,8,0,0,,9th hole
2026-04-02 21:38:34,01 hours 00 minutes 00 seconds,,Inverted Row,3,0,9,0,0,,9th hole
2026-04-02 21:38:34,01 hours 00 minutes 00 seconds,,Dead Hang,0,0,0,0,60,,
2026-04-02 21:38:34,01 hours 00 minutes 00 seconds,,Dead Hang,1,0,0,0,60,,
2026-04-02 21:38:34,01 hours 00 minutes 00 seconds,,Dead Hang,2,0,0,0,60,,
2026-04-02 21:38:34,01 hours 00 minutes 00 seconds,,Hollow hold,0,0,0,0,55,,
2026-04-02 21:38:34,01 hours 00 minutes 00 seconds,,Hollow hold,1,0,0,0,55,,
2026-04-02 21:38:34,01 hours 00 minutes 00 seconds,,Hollow hold,2,0,0,0,55,,
2026-04-06 10:31:21,46 hours 37 minutes 08 seconds,,Rowing Machine,0,0,0,1.02998016,240,,
2026-04-06 10:31:21,46 hours 37 minutes 08 seconds,,Squat,0,44.092452437,20,0,0,,It was deep !
2026-04-06 10:31:21,46 hours 37 minutes 08 seconds,,Squat,1,88.184904874,15,0,0,,It was deep !
2026-04-06 10:31:21,46 hours 37 minutes 08 seconds,,Squat,2,110.2311310925,10,0,0,,It was deep !
2026-04-06 10:31:21,46 hours 37 minutes 08 seconds,,Squat,3,132.277357311,10,0,0,,It was deep !
2026-04-06 10:31:21,46 hours 37 minutes 08 seconds,,Squat,4,143.30047042025,10,0,0,,It was deep !
2026-04-06 10:31:21,46 hours 37 minutes 08 seconds,,Dumbbell Deadlift,0,52.9109429244,10,0,0,,
2026-04-06 10:31:21,46 hours 37 minutes 08 seconds,,Dumbbell Deadlift,1,44.092452437,15,0,0,,
2026-04-06 10:31:21,46 hours 37 minutes 08 seconds,,Dumbbell Deadlift,2,44.092452437,15,0,0,,
2026-04-06 10:31:21,46 hours 37 minutes 08 seconds,,Sled Leg Press,0,381.39971358005,12,0,0,,"In Vit gym, prob rack is 0"
2026-04-06 10:31:21,46 hours 37 minutes 08 seconds,,Sled Leg Press,1,447.53839223555,12,0,0,,"In Vit gym, prob rack is 0"
2026-04-06 10:31:21,46 hours 37 minutes 08 seconds,,Sled Leg Press,2,447.53839223555,12,0,0,,"In Vit gym, prob rack is 0"
2026-04-06 10:31:21,46 hours 37 minutes 08 seconds,,Sled Leg Press,3,447.53839223555,12,0,0,,"In Vit gym, prob rack is 0"
2026-04-06 10:31:21,46 hours 37 minutes 08 seconds,,Seated Calf Raise,0,104.05818775132,20,0,0,,Free is 27.2
2026-04-06 10:31:21,46 hours 37 minutes 08 seconds,,Seated Calf Raise,1,104.05818775132,20,0,0,,Free is 27.2
2026-04-06 10:31:21,46 hours 37 minutes 08 seconds,,Seated Calf Raise,2,104.05818775132,20,0,0,,Free is 27.2
2026-04-06 10:35:35,00 hours 01 minutes 07 seconds,,Running,0,0,0,5.999634432000001,1920,,
2026-04-10 18:24:30,00 hours 49 minutes 09 seconds,,Wrist prep,0,0,0,0,420,,"Wrist circles, wrist rocks (on all fours), palm pulses, fingertip pushups on knees "
2026-04-10 18:24:30,00 hours 49 minutes 09 seconds,,Shoulders prep,0,0,0,0,420,,"Wall slides, scapula pushups, band external rotations, plank shoulder shrugs"
2026-04-10 18:24:30,00 hours 49 minutes 09 seconds,,Core prep,0,0,0,0,0,,"Dead bug, hollow hold, glute bridge hold"
2026-04-10 18:24:30,00 hours 49 minutes 09 seconds,,Face to wall handstand (45),0,0,0,0,30,,
2026-04-10 18:24:30,00 hours 49 minutes 09 seconds,,Face to wall handstand (45),1,0,0,0,30,,
2026-04-10 18:24:30,00 hours 49 minutes 09 seconds,,Face to wall handstand (45),2,0,0,0,30,,
2026-04-10 18:24:30,00 hours 49 minutes 09 seconds,,Face to wall handstand (45),3,0,0,0,30,,
2026-04-10 18:24:30,00 hours 49 minutes 09 seconds,,Pike Push Ups,0,0,7,0,0,,
2026-04-10 18:24:30,00 hours 49 minutes 09 seconds,,Pike Push Ups,1,0,6,0,0,,
2026-04-10 18:24:30,00 hours 49 minutes 09 seconds,,Pike Push Ups,2,0,6,0,0,,
2026-04-10 18:24:30,00 hours 49 minutes 09 seconds,,Pike Push Ups,3,0,6,0,0,,
2026-04-10 18:24:30,00 hours 49 minutes 09 seconds,,Pike Push Ups,4,0,6,0,0,,
2026-04-10 18:24:30,00 hours 49 minutes 09 seconds,,Pike Push Ups,5,0,8,0,0,,
2026-04-10 18:24:30,00 hours 49 minutes 09 seconds,,Dips,0,0,8,0,0,,
2026-04-10 18:24:30,00 hours 49 minutes 09 seconds,,Dips,1,0,10,0,0,,
2026-04-10 18:24:30,00 hours 49 minutes 09 seconds,,Dips,2,0,10,0,0,,
2026-04-10 18:24:30,00 hours 49 minutes 09 seconds,,Dips,3,0,9,0,0,,
2026-04-14 18:26:54,00 hours 01 minutes 50 seconds,,Running,0,0,0,6.437376,1980,,
2026-04-14 20:57:55,00 hours 57 minutes 51 seconds,,Wrist prep,0,0,0,0,420,,"Wrist circles, wrist rocks (on all fours), palm pulses, fingertip pushups on knees "
2026-04-14 20:57:55,00 hours 57 minutes 51 seconds,,Shoulders prep,0,0,0,0,420,,"Wall slides, scapula pushups, band external rotations, plank shoulder shrugs"
2026-04-14 20:57:55,00 hours 57 minutes 51 seconds,,Band Assisted Pull Ups,0,0,8,0,0,,
2026-04-14 20:57:55,00 hours 57 minutes 51 seconds,,Band Assisted Pull Ups,1,0,6,0,0,,
2026-04-14 20:57:55,00 hours 57 minutes 51 seconds,,Band Assisted Pull Ups,2,20.062065858835,5,0,0,,
2026-04-14 20:57:55,00 hours 57 minutes 51 seconds,,Band Assisted Pull Ups,3,20.062065858835,6,0,0,,
2026-04-14 20:57:55,00 hours 57 minutes 51 seconds,,Band Assisted Pull Ups,4,20.062065858835,5,0,0,,
2026-04-14 20:57:55,00 hours 57 minutes 51 seconds,,Inverted Row,0,0,8,0,0,,9th hole
2026-04-14 20:57:55,00 hours 57 minutes 51 seconds,,Inverted Row,1,0,8,0,0,,9th hole
2026-04-14 20:57:55,00 hours 57 minutes 51 seconds,,Inverted Row,2,0,9,0,0,,9th hole
2026-04-14 20:57:55,00 hours 57 minutes 51 seconds,,Inverted Row,3,0,8,0,0,,9th hole
2026-04-14 20:57:55,00 hours 57 minutes 51 seconds,,Side Plank,0,0,0,0,42,,
2026-04-14 20:57:55,00 hours 57 minutes 51 seconds,,Side Plank,1,0,0,0,42,,
2026-04-14 20:57:55,00 hours 57 minutes 51 seconds,,Side Plank,2,0,0,0,50,,
2026-04-14 20:57:55,00 hours 57 minutes 51 seconds,,Hanging Knee Raise,0,0,12,0,0,,
2026-04-14 20:57:55,00 hours 57 minutes 51 seconds,,Hanging Knee Raise,1,0,12,0,0,,
2026-04-14 20:57:55,00 hours 57 minutes 51 seconds,,Hanging Knee Raise,2,0,12,0,0,,
2026-04-17 07:45:02,109 hours 36 minutes 21 seconds,,Rowing Machine,0,0,0,1.2874752,300,,
2026-04-17 07:45:02,109 hours 36 minutes 21 seconds,,Squat,0,44.092452437,15,0,0,,It was deep !
2026-04-17 07:45:02,109 hours 36 minutes 21 seconds,,Squat,1,88.184904874,15,0,0,,It was deep !
2026-04-17 07:45:02,109 hours 36 minutes 21 seconds,,Squat,2,132.277357311,12,0,0,,It was deep !
2026-04-17 07:45:02,109 hours 36 minutes 21 seconds,,Squat,3,154.3235835295,8,0,0,,It was deep !
2026-04-17 07:45:02,109 hours 36 minutes 21 seconds,,Squat,4,154.3235835295,8,0,0,,It was deep !
2026-04-17 07:45:02,109 hours 36 minutes 21 seconds,,Romanian Deadlift,0,132.277357311,12,0,0,,
2026-04-17 07:45:02,109 hours 36 minutes 21 seconds,,Romanian Deadlift,1,132.277357311,12,0,0,,
2026-04-17 07:45:02,109 hours 36 minutes 21 seconds,,Romanian Deadlift,2,132.277357311,12,0,0,,
2026-04-17 07:45:02,109 hours 36 minutes 21 seconds,,Walking Lunge,0,52.9109429244,8,0,0,,
2026-04-17 07:45:02,109 hours 36 minutes 21 seconds,,Walking Lunge,1,52.9109429244,8,0,0,,
2026-04-17 07:45:02,109 hours 36 minutes 21 seconds,,Walking Lunge,2,52.9109429244,8,0,0,,
2026-04-17 07:45:02,109 hours 36 minutes 21 seconds,,Seated Calf Raise,0,104.05818775132,20,0,0,,Free is 27.2
2026-04-17 07:45:02,109 hours 36 minutes 21 seconds,,Seated Calf Raise,1,104.05818775132,20,0,0,,Free is 27.2
2026-04-17 07:45:02,109 hours 36 minutes 21 seconds,,Seated Calf Raise,2,104.05818775132,20,0,0,,Free is 27.2
2026-04-21 21:21:44,01 hours 00 minutes 00 seconds,,Shoulders prep,0,0,0,0,420,,"Wall slides, scapula pushups, band external rotations, plank shoulder shrugs"
2026-04-21 21:21:44,01 hours 00 minutes 00 seconds,,Wrist prep,0,0,0,0,420,,"Wrist circles, wrist rocks (on all fours), palm pulses, fingertip pushups on knees "
2026-04-21 21:21:44,01 hours 00 minutes 00 seconds,,Face to wall handstand (45),0,0,0,0,30,,
2026-04-21 21:21:44,01 hours 00 minutes 00 seconds,,Face to wall handstand (45),1,0,0,0,30,,
2026-04-21 21:21:44,01 hours 00 minutes 00 seconds,,Face to wall handstand (45),2,0,0,0,30,,
2026-04-21 21:21:44,01 hours 00 minutes 00 seconds,,Face to wall handstand (45),3,0,0,0,30,,
2026-04-21 21:21:44,01 hours 00 minutes 00 seconds,,Pike Push Ups,0,0,7,0,0,,
2026-04-21 21:21:44,01 hours 00 minutes 00 seconds,,Pike Push Ups,1,0,6,0,0,,
2026-04-21 21:21:44,01 hours 00 minutes 00 seconds,,Pike Push Ups,2,0,6,0,0,,
2026-04-21 21:21:44,01 hours 00 minutes 00 seconds,,Pike Push Ups,3,0,6,0,0,,
2026-04-21 21:21:44,01 hours 00 minutes 00 seconds,,Pike Push Ups,4,0,6,0,0,,
2026-04-21 21:21:44,01 hours 00 minutes 00 seconds,,Dips,0,0,10,0,0,,
2026-04-21 21:21:44,01 hours 00 minutes 00 seconds,,Dips,1,0,10,0,0,,
2026-04-21 21:21:44,01 hours 00 minutes 00 seconds,,Dips,2,0,10,0,0,,
2026-04-21 21:21:44,01 hours 00 minutes 00 seconds,,Dips,3,0,9,0,0,,
2026-04-21 21:21:44,01 hours 00 minutes 00 seconds,,Hollow hold,0,0,0,0,55,,
2026-04-21 21:21:44,01 hours 00 minutes 00 seconds,,Hollow hold,1,0,0,0,55,,
2026-04-21 21:21:44,01 hours 00 minutes 00 seconds,,Hollow hold,2,0,0,0,55,,
2026-04-21 22:37:49,01 hours 00 minutes 00 seconds,,Shoulders prep,0,0,0,0,420,,"Wall slides, scapula pushups, band external rotations, plank shoulder shrugs"
2026-04-21 22:37:49,01 hours 00 minutes 00 seconds,,Wrist prep,0,0,0,0,420,,"Wrist circles, wrist rocks (on all fours), palm pulses, fingertip pushups on knees "
2026-04-21 22:37:49,01 hours 00 minutes 00 seconds,,Face to wall handstand (45),0,0,0,0,30,,
2026-04-21 22:37:49,01 hours 00 minutes 00 seconds,,Face to wall handstand (45),1,0,0,0,30,,
2026-04-21 22:37:49,01 hours 00 minutes 00 seconds,,Face to wall handstand (45),2,0,0,0,30,,
2026-04-21 22:37:49,01 hours 00 minutes 00 seconds,,Face to wall handstand (45),3,0,0,0,30,,
2026-04-21 22:37:49,01 hours 00 minutes 00 seconds,,Pike Push Ups,0,0,7,0,0,,
2026-04-21 22:37:49,01 hours 00 minutes 00 seconds,,Pike Push Ups,1,0,6,0,0,,
2026-04-21 22:37:49,01 hours 00 minutes 00 seconds,,Pike Push Ups,2,0,6,0,0,,
2026-04-21 22:37:49,01 hours 00 minutes 00 seconds,,Pike Push Ups,3,0,6,0,0,,
2026-04-21 22:37:49,01 hours 00 minutes 00 seconds,,Pike Push Ups,4,0,6,0,0,,
2026-04-21 22:37:49,01 hours 00 minutes 00 seconds,,Dips,0,0,10,0,0,,
2026-04-21 22:37:49,01 hours 00 minutes 00 seconds,,Dips,1,0,10,0,0,,
2026-04-21 22:37:49,01 hours 00 minutes 00 seconds,,Dips,2,0,10,0,0,,
2026-04-21 22:37:49,01 hours 00 minutes 00 seconds,,Dips,3,0,9,0,0,,
2026-04-21 22:37:49,01 hours 00 minutes 00 seconds,,Hollow hold,0,0,0,0,55,,
2026-04-21 22:37:49,01 hours 00 minutes 00 seconds,,Hollow hold,1,0,0,0,55,,
2026-04-21 22:37:49,01 hours 00 minutes 00 seconds,,Hollow hold,2,0,0,0,55,,
2026-04-22 21:01:58,01 hours 00 minutes 00 seconds,,Rowing Machine,0,0,0,1.2874752,300,,
2026-04-22 21:01:58,01 hours 00 minutes 00 seconds,,Squat,0,44.092452437,16,0,0,,It was deep !
2026-04-22 21:01:58,01 hours 00 minutes 00 seconds,,Squat,1,88.184904874,15,0,0,,It was deep !
2026-04-22 21:01:58,01 hours 00 minutes 00 seconds,,Squat,2,132.277357311,12,0,0,,It was deep !
2026-04-22 21:01:58,01 hours 00 minutes 00 seconds,,Squat,3,165.34669663875,8,0,0,,It was deep !
2026-04-22 21:01:58,01 hours 00 minutes 00 seconds,,Squat,4,165.34669663875,8,0,0,,It was deep !
2026-04-22 21:01:58,01 hours 00 minutes 00 seconds,,Dumbbell Romanian Deadlift,0,52.9109429244,12,0,0,,
2026-04-22 21:01:58,01 hours 00 minutes 00 seconds,,Dumbbell Romanian Deadlift,1,52.9109429244,12,0,0,,
2026-04-22 21:01:58,01 hours 00 minutes 00 seconds,,Dumbbell Romanian Deadlift,2,52.9109429244,16,0,0,,
2026-04-22 21:01:58,01 hours 00 minutes 00 seconds,,Dumbbell Romanian Deadlift,3,52.9109429244,16,0,0,,
2026-04-22 21:01:58,01 hours 00 minutes 00 seconds,,Walking Lunge,0,35.2739619496,16,0,0,,
2026-04-22 21:01:58,01 hours 00 minutes 00 seconds,,Walking Lunge,1,35.2739619496,16,0,0,,
2026-04-22 21:01:58,01 hours 00 minutes 00 seconds,,Walking Lunge,2,35.2739619496,16,0,0,,
2026-04-22 21:01:58,01 hours 00 minutes 00 seconds,,Seated Calf Raise,0,115.742687647125,20,0,0,,Free is 27.2
2026-04-22 21:01:58,01 hours 00 minutes 00 seconds,,Seated Calf Raise,1,115.742687647125,20,0,0,,Free is 27.2
2026-04-22 21:01:58,01 hours 00 minutes 00 seconds,,Seated Calf Raise,2,115.742687647125,20,0,0,,Free is 27.2
2026-04-25 12:40:32,00 hours 38 minutes 35 seconds,,Wrist prep,0,0,0,0,420,,
2026-04-25 12:40:32,00 hours 38 minutes 35 seconds,,Shoulders prep,0,0,0,0,420,,
2026-04-25 12:40:32,00 hours 38 minutes 35 seconds,,Core prep,0,0,0,0,0,,
2026-04-25 12:40:32,00 hours 38 minutes 35 seconds,,Band Assisted Pull Ups,0,0,6,0,0,,
2026-04-25 12:40:32,00 hours 38 minutes 35 seconds,,Band Assisted Pull Ups,1,0,6,0,0,,
2026-04-25 12:40:32,00 hours 38 minutes 35 seconds,,Band Assisted Pull Ups,2,0,6,0,0,,
2026-04-25 12:40:32,00 hours 38 minutes 35 seconds,,Band Assisted Pull Ups,3,20,8,0,0,,
2026-04-25 12:40:32,00 hours 38 minutes 35 seconds,,Band Assisted Pull Ups,4,20,5,0,0,,
2026-04-25 12:40:32,00 hours 38 minutes 35 seconds,,Inverted Row,0,0,8,0,0,,9th hole
2026-04-25 12:40:32,00 hours 38 minutes 35 seconds,,Inverted Row,1,0,8,0,0,,9th hole
2026-04-25 12:40:32,00 hours 38 minutes 35 seconds,,Inverted Row,2,0,8,0,0,,9th hole
2026-04-25 12:40:32,00 hours 38 minutes 35 seconds,,Inverted Row,3,0,8,0,0,,9th hole
2026-04-25 12:40:32,00 hours 38 minutes 35 seconds,,Dead Hang,0,0,0,0,60,,
2026-04-25 12:40:32,00 hours 38 minutes 35 seconds,,Dead Hang,1,0,0,0,60,,
2026-04-25 12:40:32,00 hours 38 minutes 35 seconds,,Dead Hang,2,0,0,0,60,,
2026-04-25 12:40:32,00 hours 38 minutes 35 seconds,,Hollow hold,0,0,0,0,60,,
2026-04-25 12:40:32,00 hours 38 minutes 35 seconds,,Hollow hold,1,0,0,0,60,,
2026-04-25 12:40:32,00 hours 38 minutes 35 seconds,,Hollow hold,2,0,0,0,60,,
2026-04-27 17:22:29,00 hours 33 minutes 08 seconds,,Running,0,0,0,6.437376,1980,,
2026-04-28 21:06:00,01 hours 33 minutes 45 seconds,,Wrist prep,0,0,0,0,420,,"Wrist circles, wrist rocks (on all fours), palm pulses, fingertip pushups on knees "
2026-04-28 21:06:00,01 hours 33 minutes 45 seconds,,Shoulders prep,0,0,0,0,420,,"Wall slides, scapula pushups, band external rotations, plank shoulder shrugs"
2026-04-28 21:06:00,01 hours 33 minutes 45 seconds,,Core prep,0,0,0,0,0,,"Dead bug, hollow hold, glute bridge hold"
2026-04-28 21:06:00,01 hours 33 minutes 45 seconds,,Face to wall handstand (45),0,0,0,0,30,,
2026-04-28 21:06:00,01 hours 33 minutes 45 seconds,,Face to wall handstand (45),1,0,0,0,30,,
2026-04-28 21:06:00,01 hours 33 minutes 45 seconds,,Face to wall handstand (45),2,0,0,0,30,,
2026-04-28 21:06:00,01 hours 33 minutes 45 seconds,,Face to wall handstand (45),3,0,0,0,30,,
2026-04-28 21:06:00,01 hours 33 minutes 45 seconds,,Face to wall handstand (45),4,0,0,0,30,,
2026-04-28 21:06:00,01 hours 33 minutes 45 seconds,,Pike Push Ups,0,0,8,0,0,,
2026-04-28 21:06:00,01 hours 33 minutes 45 seconds,,Pike Push Ups,1,0,8,0,0,,
2026-04-28 21:06:00,01 hours 33 minutes 45 seconds,,Pike Push Ups,2,0,8,0,0,,
2026-04-28 21:06:00,01 hours 33 minutes 45 seconds,,Pike Push Ups,3,0,8,0,0,,
2026-04-28 21:06:00,01 hours 33 minutes 45 seconds,,Pike Push Ups,4,0,8,0,0,,
2026-04-28 21:06:00,01 hours 33 minutes 45 seconds,,Pike Push Ups,5,0,8,0,0,,
2026-04-28 21:06:00,01 hours 33 minutes 45 seconds,,Dips,0,0,12,0,0,,
2026-04-28 21:06:00,01 hours 33 minutes 45 seconds,,Dips,1,0,12,0,0,,
2026-04-28 21:06:00,01 hours 33 minutes 45 seconds,,Dips,2,0,9,0,0,,
2026-04-28 21:06:00,01 hours 33 minutes 45 seconds,,Dips,3,0,10,0,0,,
2026-05-08 07:52:46,01 hours 08 minutes 46 seconds,,Wrist prep,0,0,0,0,420,,"Wrist circles, wrist rocks (on all fours), palm pulses, fingertip pushups on knees "
2026-05-08 07:52:46,01 hours 08 minutes 46 seconds,,Shoulders prep,0,0,0,0,420,,"Wall slides, scapula pushups, band external rotations, plank shoulder shrugs"
2026-05-08 07:52:46,01 hours 08 minutes 46 seconds,,Face to wall handstand (45),0,0,0,0,30,,
2026-05-08 07:52:46,01 hours 08 minutes 46 seconds,,Face to wall handstand (45),1,0,0,0,30,,
2026-05-08 07:52:46,01 hours 08 minutes 46 seconds,,Face to wall handstand (45),2,0,0,0,30,,
2026-05-08 07:52:46,01 hours 08 minutes 46 seconds,,Face to wall handstand (45),3,0,0,0,30,,
2026-05-08 07:52:46,01 hours 08 minutes 46 seconds,,Pike Push Ups,0,0,6,0,0,,
2026-05-08 07:52:46,01 hours 08 minutes 46 seconds,,Pike Push Ups,1,0,6,0,0,,
2026-05-08 07:52:46,01 hours 08 minutes 46 seconds,,Pike Push Ups,2,0,6,0,0,,
2026-05-08 07:52:46,01 hours 08 minutes 46 seconds,,Pike Push Ups,3,0,6,0,0,,
2026-05-08 07:52:46,01 hours 08 minutes 46 seconds,,Dips,0,0,12,0,0,,
2026-05-08 07:52:46,01 hours 08 minutes 46 seconds,,Dips,1,0,12,0,0,,
2026-05-08 07:52:46,01 hours 08 minutes 46 seconds,,Dips,2,0,12,0,0,,
2026-05-08 07:52:46,01 hours 08 minutes 46 seconds,,Dips,3,0,10,0,0,,
2026-05-08 07:52:46,01 hours 08 minutes 46 seconds,,Hanging Leg Raise,0,0,12,0,0,,
2026-05-08 07:52:46,01 hours 08 minutes 46 seconds,,Hanging Leg Raise,1,0,15,0,0,,
2026-05-08 07:52:46,01 hours 08 minutes 46 seconds,,Hanging Leg Raise,2,0,15,0,0,,
2026-05-12 12:29:05,01 hours 06 minutes 29 seconds,,Wrist prep,0,0,0,0,420,,"Wrist circles, wrist rocks (on all fours), palm pulses, fingertip pushups on knees "
2026-05-12 12:29:05,01 hours 06 minutes 29 seconds,,Shoulders prep,0,0,0,0,420,,"Wall slides, scapula pushups, band external rotations, plank shoulder shrugs"
2026-05-12 12:29:05,01 hours 06 minutes 29 seconds,,Core prep,0,0,0,0,0,,"Dead bug, hollow hold, glute bridge hold"
2026-05-12 12:29:05,01 hours 06 minutes 29 seconds,,Band Assisted Pull Ups,0,0,6,0,0,,
2026-05-12 12:29:05,01 hours 06 minutes 29 seconds,,Band Assisted Pull Ups,1,0,6,0,0,,
2026-05-12 12:29:05,01 hours 06 minutes 29 seconds,,Band Assisted Pull Ups,2,0,5,0,0,,
2026-05-12 12:29:05,01 hours 06 minutes 29 seconds,,Band Assisted Pull Ups,3,20,6,0,0,,
2026-05-12 12:29:05,01 hours 06 minutes 29 seconds,,Band Assisted Pull Ups,4,20,6,0,0,,
2026-05-12 12:29:05,01 hours 06 minutes 29 seconds,,Band Assisted Pull Ups,5,20,6,0,0,,
2026-05-12 12:29:05,01 hours 06 minutes 29 seconds,,Inverted Row,0,0,10,0,0,,9th hole
2026-05-12 12:29:05,01 hours 06 minutes 29 seconds,,Inverted Row,1,0,10,0,0,,9th hole
2026-05-12 12:29:05,01 hours 06 minutes 29 seconds,,Inverted Row,2,0,8,0,0,,9th hole
2026-05-12 12:29:05,01 hours 06 minutes 29 seconds,,Inverted Row,3,0,8,0,0,,9th hole
2026-05-12 12:29:05,01 hours 06 minutes 29 seconds,,Hanging Leg Raise,0,0,12,0,0,,
2026-05-12 12:29:05,01 hours 06 minutes 29 seconds,,Hanging Leg Raise,1,0,12,0,0,,
2026-05-12 12:29:05,01 hours 06 minutes 29 seconds,,Hanging Leg Raise,2,0,12,0,0,,
2026-05-13 21:18:12,00 hours 59 minutes 55 seconds,,Rowing Machine,0,0,0,1.2874752,300,,
2026-05-13 21:18:12,00 hours 59 minutes 55 seconds,,Walking Lunge,0,35.2739619496,16,0,0,,
2026-05-13 21:18:12,00 hours 59 minutes 55 seconds,,Walking Lunge,1,35.2739619496,16,0,0,,
2026-05-13 21:18:12,00 hours 59 minutes 55 seconds,,Walking Lunge,2,35.2739619496,16,0,0,,
2026-05-13 21:18:12,00 hours 59 minutes 55 seconds,,Dumbbell Romanian Deadlift,0,35.2739619496,16,0,0,,
2026-05-13 21:18:12,00 hours 59 minutes 55 seconds,,Dumbbell Romanian Deadlift,1,52.9109429244,16,0,0,,
2026-05-13 21:18:12,00 hours 59 minutes 55 seconds,,Dumbbell Romanian Deadlift,2,52.9109429244,16,0,0,,
2026-05-13 21:18:12,00 hours 59 minutes 55 seconds,,Dumbbell Romanian Deadlift,3,52.9109429244,16,0,0,,
2026-05-13 21:18:12,00 hours 59 minutes 55 seconds,,Hollow hold,0,0,0,0,55,,
2026-05-13 21:18:12,00 hours 59 minutes 55 seconds,,Hollow hold,1,0,0,0,55,,
2026-05-13 21:18:12,00 hours 59 minutes 55 seconds,,Hollow hold,2,0,0,0,55,,
2026-05-13 21:18:12,00 hours 59 minutes 55 seconds,,Side Plank,0,0,0,0,55,,
2026-05-13 21:18:12,00 hours 59 minutes 55 seconds,,Side Plank,1,0,0,0,55,,
2026-05-13 21:18:12,00 hours 59 minutes 55 seconds,,Side Plank,2,0,0,0,55,,
2026-05-16 20:28:30,00 hours 30 minutes 00 seconds,,Running,0,0,0,6.437376,1980,,
2026-05-17 13:04:35,01 hours 00 minutes 00 seconds,,Wrist prep,0,0,0,0,420,,"Wrist circles, wrist rocks (on all fours), palm pulses, fingertip pushups on knees "
2026-05-17 13:04:35,01 hours 00 minutes 00 seconds,,Shoulders prep,0,0,0,0,420,,"Wall slides, scapula pushups, band external rotations, plank shoulder shrugs"
2026-05-17 13:04:35,01 hours 00 minutes 00 seconds,,Face to wall handstand (45),0,0,0,0,30,,
2026-05-17 13:04:35,01 hours 00 minutes 00 seconds,,Face to wall handstand (45),1,0,0,0,30,,
2026-05-17 13:04:35,01 hours 00 minutes 00 seconds,,Face to wall handstand (45),2,0,0,0,30,,
2026-05-17 13:04:35,01 hours 00 minutes 00 seconds,,Face to wall handstand (45),3,0,0,0,30,,
2026-05-17 13:04:35,01 hours 00 minutes 00 seconds,,Pike Push Ups,0,0,8,0,0,,
2026-05-17 13:04:35,01 hours 00 minutes 00 seconds,,Pike Push Ups,1,0,8,0,0,,
2026-05-17 13:04:35,01 hours 00 minutes 00 seconds,,Pike Push Ups,2,0,8,0,0,,
2026-05-17 13:04:35,01 hours 00 minutes 00 seconds,,Pike Push Ups,3,0,8,0,0,,
2026-05-17 13:04:35,01 hours 00 minutes 00 seconds,,Pike Push Ups,4,0,8,0,0,,
2026-05-17 13:04:35,01 hours 00 minutes 00 seconds,,Pike Push Ups,5,0,6,0,0,,
2026-05-17 13:04:35,01 hours 00 minutes 00 seconds,,Dips,0,0,12,0,0,,
2026-05-17 13:04:35,01 hours 00 minutes 00 seconds,,Dips,1,0,12,0,0,,
2026-05-17 13:04:35,01 hours 00 minutes 00 seconds,,Dips,2,0,12,0,0,,
2026-05-27 07:32:39,00 hours 51 minutes 39 seconds,,Wrist prep,0,0,0,0,420,,"Wrist circles, wrist rocks (on all fours), palm pulses, fingertip pushups on knees "
2026-05-27 07:32:39,00 hours 51 minutes 39 seconds,,Shoulders prep,0,0,0,0,420,,"Wall slides, scapula pushups, band external rotations, plank shoulder shrugs"
2026-05-27 07:32:39,00 hours 51 minutes 39 seconds,,Face to wall handstand (45),0,0,0,0,30,,
2026-05-27 07:32:39,00 hours 51 minutes 39 seconds,,Face to wall handstand (45),1,0,0,0,30,,
2026-05-27 07:32:39,00 hours 51 minutes 39 seconds,,Face to wall handstand (45),2,0,0,0,30,,
2026-05-27 07:32:39,00 hours 51 minutes 39 seconds,,Face to wall handstand (45),3,0,0,0,30,,
2026-05-27 07:32:39,00 hours 51 minutes 39 seconds,,Pike Push Ups,0,0,3,0,0,,
2026-05-27 07:32:39,00 hours 51 minutes 39 seconds,,Pike Push Ups,1,0,6,0,0,,
2026-05-27 07:32:39,00 hours 51 minutes 39 seconds,,Pike Push Ups,2,0,7,0,0,,
2026-05-27 07:32:39,00 hours 51 minutes 39 seconds,,Pike Push Ups,3,0,7,0,0,,
2026-05-27 07:32:39,00 hours 51 minutes 39 seconds,,Pike Push Ups,4,0,6,0,0,,
2026-05-27 07:32:39,00 hours 51 minutes 39 seconds,,Dips,0,0,12,0,0,,
2026-05-27 07:32:39,00 hours 51 minutes 39 seconds,,Dips,1,0,12,0,0,,
2026-05-27 07:32:39,00 hours 51 minutes 39 seconds,,Dips,2,0,12,0,0,,
2026-05-27 07:32:39,00 hours 51 minutes 39 seconds,,Hollow hold,0,0,0,0,55,,
2026-05-27 07:32:39,00 hours 51 minutes 39 seconds,,Hollow hold,1,0,0,0,55,,
2026-05-27 07:32:39,00 hours 51 minutes 39 seconds,,Hollow hold,2,0,0,0,55,,
2026-05-28 07:17:04,01 hours 00 minutes 00 seconds,,Wrist prep,0,0,0,0,420,,"Wrist circles, wrist rocks (on all fours), palm pulses, fingertip pushups on knees "
2026-05-28 07:17:04,01 hours 00 minutes 00 seconds,,Shoulders prep,0,0,0,0,420,,"Wall slides, scapula pushups, band external rotations, plank shoulder shrugs"
2026-05-28 07:17:04,01 hours 00 minutes 00 seconds,,Core prep,0,0,0,0,0,,"Dead bug, hollow hold, glute bridge hold"
2026-05-28 07:17:04,01 hours 00 minutes 00 seconds,,Band Assisted Pull Ups,0,0,8,0,0,,
2026-05-28 07:17:04,01 hours 00 minutes 00 seconds,,Band Assisted Pull Ups,1,0,6,0,0,,
2026-05-28 07:17:04,01 hours 00 minutes 00 seconds,,Band Assisted Pull Ups,2,0,6,0,0,,
2026-05-28 07:17:04,01 hours 00 minutes 00 seconds,,Band Assisted Pull Ups,3,20,5,0,0,,
2026-05-28 07:17:04,01 hours 00 minutes 00 seconds,,Band Assisted Pull Ups,4,20,5,0,0,,
2026-05-28 07:17:04,01 hours 00 minutes 00 seconds,,Band Assisted Pull Ups,5,20,5,0,0,,
2026-05-28 07:17:04,01 hours 00 minutes 00 seconds,,Inverted Row,0,0,10,0,0,,9th hole
2026-05-28 07:17:04,01 hours 00 minutes 00 seconds,,Inverted Row,1,0,9,0,0,,9th hole
2026-05-28 07:17:04,01 hours 00 minutes 00 seconds,,Inverted Row,2,0,9,0,0,,9th hole
2026-05-28 07:17:04,01 hours 00 minutes 00 seconds,,Hanging Leg Raise,0,0,12,0,0,,
2026-05-28 07:17:04,01 hours 00 minutes 00 seconds,,Hanging Leg Raise,1,0,12,0,0,,
2026-05-28 07:17:04,01 hours 00 minutes 00 seconds,,Hanging Leg Raise,2,0,12,0,0,,
2026-06-01 07:18:57,01 hours 00 minutes 00 seconds,,Wrist prep,0,0,0,0,420,,"Wrist circles, wrist rocks (on all fours), palm pulses, fingertip pushups on knees "
2026-06-01 07:18:57,01 hours 00 minutes 00 seconds,,Shoulders prep,0,0,0,0,420,,"Wall slides, scapula pushups, band external rotations, plank shoulder shrugs"
2026-06-01 07:18:57,01 hours 00 minutes 00 seconds,,Face to wall handstand (45),0,0,0,0,30,,
2026-06-01 07:18:57,01 hours 00 minutes 00 seconds,,Face to wall handstand (45),1,0,0,0,30,,
2026-06-01 07:18:57,01 hours 00 minutes 00 seconds,,Face to wall handstand (45),2,0,0,0,30,,
2026-06-01 07:18:57,01 hours 00 minutes 00 seconds,,Face to wall handstand (45),3,0,0,0,35,,
2026-06-01 07:18:57,01 hours 00 minutes 00 seconds,,Pike Push Ups,0,0,8,0,0,,
2026-06-01 07:18:57,01 hours 00 minutes 00 seconds,,Pike Push Ups,1,0,7,0,0,,
2026-06-01 07:18:57,01 hours 00 minutes 00 seconds,,Pike Push Ups,2,0,7,0,0,,
2026-06-01 07:18:57,01 hours 00 minutes 00 seconds,,Pike Push Ups,3,0,6,0,0,,
2026-06-01 07:18:57,01 hours 00 minutes 00 seconds,,Pike Push Ups,4,0,5,0,0,,
2026-06-01 07:18:57,01 hours 00 minutes 00 seconds,,Dips,0,0,10,0,0,,
2026-06-01 07:18:57,01 hours 00 minutes 00 seconds,,Dips,1,0,10,0,0,,
2026-06-01 07:18:57,01 hours 00 minutes 00 seconds,,Dips,2,0,12,0,0,,
2026-06-01 07:18:57,01 hours 00 minutes 00 seconds,,Hollow hold,0,0,0,0,55,,
2026-06-01 07:18:57,01 hours 00 minutes 00 seconds,,Hollow hold,1,0,0,0,55,,
2026-06-01 07:18:57,01 hours 00 minutes 00 seconds,,Hollow hold,2,0,0,0,55,,